gene,CS Group,label,prediction
FNTA,CS0,0,0
MSH6,CS6,1,1
RB1,CS6,1,1
MCM5,CS0,0,0
CLTC,CS0,0,0
FTL,CS7,1,0
TGFB1I1,CS6,1,1
GCK,CS6,1,1
HSPG2,CS6,1,1
CPSF1,CS0,0,0
MAPK8,CS6,1,1
KRT8,CS0,0,1
CCN3,CS6,1,1
POLR2L,CS0,0,0
MAP3K8,CS6,1,1
PRKAR1B,CS6,1,1
FER,CS6,1,1
RACK1,CS0,0,0
AR,CS6,1,1
SNRPB,CS0,0,0
NCAPG2,CS0,0,0
ATM,CS7,1,1
JADE1,CS6,1,1
TRIM24,CS6,1,1
HCFC1,CS0,0,1
SFPQ,CS0,0,0
TBR1,CS6,1,1
UNC5A,CS6,1,1
RAB9A,CS6,1,0
ARAF,CS6,1,1
PAK6,CS6,1,1
PDE4D,CS6,1,1
RPL5,CS0,0,0
HNRNPL,CS0,0,0
CAVIN1,CS6,1,0
MTOR,CS0,0,1
SF3B4,CS0,0,0
PGR,CS6,1,1
PSMD4,CS0,0,0
THRB,CS6,1,1
PSMB1,CS0,0,0
SIAH2,CS6,1,1
CFTR,CS6,1,1
GOPC,CS6,1,0
ITSN1,CS6,1,1
COPB2,CS0,0,0
FYB1,CS7,1,1
PRKAB2,CS6,1,1
DNMT3A,CS6,1,1
CDC5L,CS0,0,0
POLE2,CS0,0,0
CHD4,CS0,0,0
NAGK,CS6,1,0
URI1,CS0,0,1
FEZ1,CS7,1,1
DISC1,CS6,1,1
TXNIP,CS6,1,0
TNK2,CS6,1,1
RGS17,CS6,1,1
KCTD3,CS6,1,1
HSPB8,CS6,1,1
TRIB3,CS6,1,1
LOXL1,CS6,1,1
CRY1,CS6,1,1
SYMPK,CS0,0,0
EPB41L2,CS6,1,1
ARL6,CS6,1,1
MXD4,CS6,1,1
UBXN11,CS6,1,0
DNMBP,CS6,1,1
POLE,CS0,0,0
SLC29A1,CS6,1,0
ABHD16A,CS6,1,1
FAM120B,CS6,1,1
C11orf54,CS6,1,1
RBM17,CS0,0,0
NUDT21,CS0,0,0
FXR2,CS6,1,0
MOB4,CS0,0,1
RBM41,CS6,1,1
CCDC185,CS6,1,1
GABARAPL2,CS6,1,0
BLOC1S6,CS7,1,0
GPSM1,CS6,1,1
KCTD4,CS6,1,1
RALYL,CS6,1,1
FRMD6,CS7,1,1
VPS25,CS0,0,0
LMO3,CS6,1,1
TSPYL4,CS6,1,1
DNAL4,CS6,1,1
DYNLL2,CS6,1,0
CFAP53,CS7,1,1
FAM50B,CS8,1,1
CEP76,CS7,1,0
UPRT,CS6,1,1
CNOT3,CS0,0,0
SAE1,CS0,0,0
UBA2,CS0,0,0
TMEM241,CS7,1,1
RCOR3,CS6,1,1
SPOP,CS6,1,0
PPP2CA,CS0,0,0
KCTD17,CS6,1,1
TEX37,CS6,1,1
CBLB,CS6,1,1
PDLIM4,CS6,1,1
ZBTB24,CS6,1,1
EID3,CS6,1,1
BANP,CS0,0,1
CYB5R2,CS6,1,1
AQP1,CS6,1,1
RASL11B,CS6,1,1
ZNF581,CS7,1,1
PRMT8,CS6,1,1
CLK3,CS7,1,1
C11orf16,CS6,1,1
KEL,CS6,1,1
ZBTB25,CS6,1,1
MPP1,CS6,1,0
PMM1,CS6,1,1
KIAA1217,CS6,1,1
TSR2,CS0,0,1
NPPB,CS7,1,1
IFT27,CS6,1,1
KBTBD7,CS6,1,1
TSEN15,CS7,1,1
CCER1,CS6,1,1
CALML3,CS6,1,1
ZFAND2B,CS6,1,1
EEF2KMT,CS0,0,1
AGGF1,CS7,1,0
CHST1,CS6,1,1
TRIM21,CS7,1,1
RXRB,CS6,1,1
EEF1G,CS0,0,0
RWDD1,CS6,1,1
OPTN,CS6,1,0
TCL1A,CS6,1,1
HINFP,CS0,0,1
PTS,CS7,1,1
PRC1,CS0,0,0
CEACAM5,CS6,1,1
SERP2,CS6,1,1
VAMP3,CS6,1,0
STX5,CS0,0,0
DYNLRB1,CS0,0,0
SLU7,CS0,0,0
XAB2,CS0,0,0
GMPPA,CS6,1,1
ETF1,CS0,0,1
NQO2,CS7,1,1
CLDN2,CS6,1,1
LRIF1,CS6,1,0
PSMC2,CS0,0,0
S100A2,CS6,1,1
AP1M2,CS6,1,1
ARL2,CS0,0,1
ELOC,CS0,0,0
RAD9A,CS0,0,1
NF2,CS9,1,1
SV2B,CS7,1,1
NPM1,CS0,0,0
RBBP4,CS0,0,0
PSMD13,CS0,0,0
FBXO4,CS6,1,1
GSTK1,CS6,1,1
PSMD11,CS0,0,0
UGGT1,CS6,1,0
VARS1,CS0,0,1
RUVBL1,CS0,0,0
IQGAP1,CS6,1,0
STRN,CS6,1,1
EIF6,CS0,0,0
ACTR3B,CS6,1,1
RASGRF2,CS6,1,1
TSR1,CS0,0,0
EPRS1,CS0,0,0
HEATR1,CS0,0,0
YARS1,CS0,0,0
ACTR2,CS0,0,0
LYAR,CS7,1,0
EIF2B3,CS0,0,0
ATG5,CS7,1,1
CHAF1B,CS0,0,0
RACGAP1,CS0,0,0
SNCG,CS6,1,1
SUSD2,CS6,1,1
LUC7L3,CS0,0,0
CALM3,CS6,1,1
USP39,CS0,0,0
TNFRSF10D,CS6,1,1
DDX3X,CS0,0,0
AKAP13,CS6,1,1
RPS11,CS0,0,0
ULK1,CS6,1,1
ZNF277,CS6,1,1
BOP1,CS0,0,0
GSKIP,CS6,1,0
PNMA2,CS7,1,1
RPS9,CS0,0,0
OSGEP,CS0,0,0
RPN1,CS0,0,0
POLD1,CS0,0,1
SMC2,CS0,0,1
SPIRE1,CS6,1,1
NEDD8,CS0,0,0
RPL26,CS0,0,0
PFDN2,CS0,0,0
GAPDH,CS0,0,0
RBX1,CS0,0,0
RPS29,CS0,0,0
HERC1,CS6,1,1
JMJD1C,CS6,1,1
SRSF3,CS0,0,0
RALGPS2,CS7,1,1
TONSL,CS0,0,1
CEP162,CS6,1,0
TPT1,CS0,0,0
APOBEC3C,CS6,1,1
TRMT112,CS0,0,0
EIF2S1,CS0,0,0
PIP5K1B,CS7,1,1
RPS13,CS0,0,0
PDRG1,CS0,0,0
RPL6,CS0,0,0
CMBL,CS6,1,1
BRF2,CS0,0,1
DDX21,CS0,0,0
DDX24,CS0,0,0
RBBP5,CS0,0,0
SERPINB8,CS6,1,1
NBN,CS6,1,0
HDAC10,CS6,1,1
APLP2,CS6,1,0
LMO7,CS7,1,1
PPP1R3D,CS6,1,1
TNK1,CS6,1,1
HDAC9,CS6,1,1
BMP7,CS6,1,1
ABL2,CS7,1,1
CDC27,CS0,0,0
GTF2E1,CS0,0,0
CD79A,CS7,1,1
EMCN,CS6,1,1
SOD1,CS0,0,1
GTF2H1,CS0,0,0
EHD2,CS6,1,1
MED13,CS6,1,1
MED14,CS0,0,0
KLHDC9,CS6,1,1
GAD2,CS7,1,1
MEF2A,CS6,1,1
TNNC1,CS6,1,1
POP5,CS0,0,0
SLC5A1,CS6,1,1
CRADD,CS6,1,1
ATP1A1,CS0,0,1
MLPH,CS7,1,1
MYO5B,CS6,1,1
PCLO,CS6,1,1
SLC31A2,CS6,1,1
CLOCK,CS6,1,1
KLK13,CS6,1,1
EHBP1,CS7,1,1
SSRP1,CS0,0,0
TWIST2,CS6,1,1
PHB,CS0,0,1
ARIH1,CS0,0,1
AGER,CS6,1,1
HUS1B,CS7,1,1
SS18,CS8,1,0
TUBB,CS0,0,0
NTNG1,CS6,1,1
AJAP1,CS6,1,1
HSPB2,CS6,1,1
RRM1,CS0,0,1
SLC12A2,CS6,1,1
OTOF,CS6,1,1
IGF1,CS6,1,1
DRD2,CS6,1,1
SPINK7,CS6,1,1
MMP9,CS6,1,1
SERPINB2,CS7,1,1
RAD21,CS0,0,0
EPM2A,CS6,1,1
CD226,CS6,1,1
NR1I2,CS6,1,1
FN1,CS6,1,0
MKNK2,CS6,1,1
CLK1,CS6,1,0
POU2F2,CS7,1,1
BIRC3,CS6,1,1
LILRB1,CS6,1,1
STXBP5,CS6,1,1
TAF6,CS0,0,0
RASSF7,CS6,1,1
PTPN14,CS8,1,1
ALG2,CS0,0,0
H2BC1,CS6,1,0
CD74,CS6,1,1
EPN1,CS6,1,1
EPHA4,CS7,1,1
SPIB,CS6,1,1
S100A13,CS6,1,1
PLAT,CS6,1,1
CD47,CS6,1,1
GUCY1B1,CS7,1,1
AKAP7,CS6,1,1
SIN3B,CS6,1,0
GTF2E2,CS0,0,0
HSPA9,CS0,0,0
AKAP4,CS6,1,1
SYTL2,CS7,1,1
PLA2G4A,CS7,1,1
EDNRA,CS6,1,1
TOMM34,CS6,1,1
HSPD1,CS0,0,1
POLR3F,CS0,0,0
MECOM,CS6,1,1
ACTL6B,CS6,1,1
E2F5,CS6,1,1
GLI3,CS6,1,1
PABPN1,CS0,0,0
TNRC6B,CS6,1,1
ALDH2,CS6,1,1
APOBEC3G,CS7,1,1
NDRG1,CS7,1,1
WDR91,CS6,1,1
STC2,CS6,1,1
CBFB,CS6,1,0
RPL12,CS0,0,0
EIF2B2,CS0,0,0
COPS6,CS0,0,0
EIF2S2,CS0,0,0
PSMB6,CS0,0,0
PPM1F,CS8,1,1
HEXD,CS6,1,1
SLC35E1,CS6,1,0
ARHGAP44,CS7,1,1
KLK10,CS6,1,1
KYAT3,CS6,1,1
RPL8,CS0,0,0
HPS6,CS6,1,1
NUDT5,CS6,1,1
RPL7,CS0,0,0
DLGAP4,CS7,1,1
HIVEP1,CS6,1,0
WDR74,CS0,0,0
RNF146,CS6,1,1
TNNT3,CS7,1,1
B2M,CS6,1,1
CCT7,CS0,0,0
YAE1,CS0,0,1
DDIT4,CS6,1,0
BBOX1,CS6,1,1
MAN2A2,CS6,1,1
KIDINS220,CS6,1,0
PTPRK,CS6,1,1
LAMA4,CS6,1,1
RPLP0,CS0,0,0
CSF2RB,CS6,1,1
IRAG1,CS6,1,1
THBS1,CS6,1,1
ITGB1BP1,CS6,1,1
LMO1,CS6,1,1
PTPRE,CS6,1,1
HMOX1,CS6,1,1
C6,CS6,1,1
S100Z,CS6,1,1
FCGR2A,CS6,1,1
GOSR2,CS0,0,0
ALPP,CS7,1,1
PRLHR,CS6,1,1
KLK1,CS6,1,1
ALAS2,CS6,1,1
IPO7,CS0,0,0
AXL,CS6,1,1
NAB2,CS6,1,1
MBL2,CS6,1,1
ICAM5,CS6,1,1
IL7R,CS6,1,1
ROS1,CS6,1,1
CCN2,CS6,1,1
MEIS1,CS6,1,1
TP53AIP1,CS6,1,1
GNG10,CS6,1,1
ZNF335,CS0,0,1
GYPC,CS6,1,1
VGLL1,CS7,1,1
TIMP3,CS6,1,1
NUCB1,CS6,1,1
MYBL1,CS7,1,1
VAMP1,CS6,1,1
UCP1,CS6,1,1
RANGRF,CS6,1,1
PTH1R,CS6,1,1
RGS18,CS6,1,1
GRIA2,CS6,1,1
FGB,CS7,1,1
EIF2B4,CS0,0,0
CCNG2,CS6,1,1
TNR,CS7,1,1
STX7,CS6,1,1
NTRK2,CS6,1,1
KLF3,CS6,1,1
EFNB1,CS6,1,0
PPP2R1B,CS6,1,1
PAPPA2,CS6,1,1
ICAM2,CS7,1,1
RAPGEF3,CS6,1,1
CRHR2,CS6,1,1
CDC34,CS7,1,1
ANAPC2,CS0,0,0
SP4,CS6,1,1
TUBA1B,CS0,0,0
SNAPC1,CS0,0,0
SNCB,CS6,1,1
PRKAA1,CS6,1,0
POLDIP3,CS6,1,0
ELMO1,CS6,1,1
POU4F1,CS7,1,1
CFHR1,CS6,1,1
ARHGAP26,CS7,1,1
CBLIF,CS6,1,1
STX16,CS6,1,1
PI3,CS7,1,1
RGS5,CS6,1,1
GPR143,CS6,1,1
REPS2,CS6,1,1
CD34,CS6,1,1
RAB27B,CS6,1,1
SGK3,CS6,1,1
TRAT1,CS6,1,1
PLA2G4C,CS6,1,1
RBP1,CS6,1,1
RNGTT,CS0,0,0
APOBEC2,CS6,1,1
SF3A2,CS0,0,0
TUBGCP3,CS0,0,0
SLC25A17,CS6,1,1
CREB5,CS6,1,1
ADRA2C,CS6,1,1
ANK2,CS6,1,1
BIRC7,CS7,1,1
PPP4R4,CS6,1,1
COL10A1,CS6,1,1
CA4,CS6,1,1
IL1RN,CS6,1,1
GLP1R,CS6,1,1
POLR3A,CS0,0,0
TLCD3A,CS6,1,1
TACR2,CS6,1,1
CLDN8,CS6,1,1
EBF2,CS6,1,1
PICALM,CS7,1,1
PDAP1,CS0,0,0
RNH1,CS6,1,1
TAOK2,CS6,1,1
SCIN,CS6,1,1
H2AC20,CS0,0,0
BCAM,CS6,1,1
DDX46,CS0,0,0
DNAJC8,CS0,0,0
SSTR3,CS6,1,1
SSTR4,CS7,1,1
CARS1,CS0,0,1
SPN,CS6,1,1
SOX13,CS7,1,1
CYP2C19,CS6,1,1
DDO,CS6,1,1
CABP5,CS6,1,1
POLR3K,CS0,0,0
LYST,CS6,1,1
PRSS1,CS6,1,1
MAML2,CS6,1,1
CCL22,CS6,1,1
CRCP,CS0,0,0
ANOS1,CS6,1,1
THBS2,CS6,1,1
LTBP1,CS6,1,1
RPL13,CS0,0,0
VMP1,CS0,0,0
PLD3,CS7,1,0
PLAAT4,CS6,1,1
EMILIN2,CS6,1,1
PRMT3,CS6,1,1
BACH2,CS6,1,1
EXOSC3,CS0,0,0
TRIM68,CS7,1,1
SPRY1,CS6,1,0
NAP1L4,CS6,1,1
RPL10A,CS0,0,0
DMWD,CS6,1,1
USPL1,CS0,0,1
UBL4A,CS6,1,0
USP45,CS6,1,1
TGM3,CS6,1,1
ZNF207,CS0,0,1
SSNA1,CS6,1,0
PRKD2,CS6,1,1
RNF220,CS6,1,1
TUT1,CS0,0,0
FN3KRP,CS6,1,1
THOC3,CS0,0,0
KLHL23,CS6,1,1
ASXL1,CS6,1,1
FRMD4A,CS6,1,1
TCF19,CS6,1,1
LIMD1,CS6,1,1
TSHZ2,CS6,1,1
SLC39A6,CS6,1,0
FANCB,CS6,1,1
FAH,CS6,1,1
OLFM1,CS6,1,1
ZNRF4,CS6,1,1
LMCD1,CS7,1,1
TSLP,CS6,1,1
INSIG2,CS6,1,0
RUBCN,CS6,1,1
ESD,CS6,1,1
DNAAF4,CS6,1,1
BRSK2,CS6,1,1
CSNK1G3,CS6,1,1
CLPTM1L,CS7,1,1
FREM1,CS6,1,1
BRINP1,CS6,1,1
UBA52,CS0,0,0
ZNF142,CS6,1,1
CRTC1,CS6,1,1
PTPN23,CS0,0,1
NSD3,CS6,1,0
ZNF418,CS6,1,1
ZNF600,CS6,1,1
USF3,CS6,1,1
RAG2,CS7,1,1
LZTR1,CS7,1,1
DMRT1,CS6,1,1
SPZ1,CS6,1,1
HOXD1,CS7,1,1
MEIS2,CS6,1,1
DIP2C,CS7,1,1
MLANA,CS6,1,1
CTCFL,CS6,1,1
KLF15,CS6,1,1
LPCAT1,CS6,1,1
MSL3,CS6,1,1
CRYBB3,CS6,1,1
CALR3,CS6,1,1
BLID,CS6,1,1
PRDM5,CS7,1,1
SAMSN1,CS7,1,1
KDM6B,CS6,1,1
RBM3,CS6,1,0
ESCO1,CS6,1,1
INTS9,CS0,0,1
PPP1R3C,CS6,1,1
GUCY1A1,CS7,1,1
NEXMIF,CS6,1,1
ZKSCAN4,CS6,1,1
KRT2,CS6,1,1
ABCC4,CS8,1,1
ACTBL2,CS6,1,1
DNAJA4,CS6,1,1
PCDHGA11,CS6,1,1
IDH3B,CS6,1,0
ANKLE2,CS0,0,0
TDRD1,CS6,1,1
ME2,CS6,1,0
MTERF1,CS7,1,1
RPL27,CS0,0,0
ABTB1,CS6,1,1
PDIA5,CS7,1,1
SPSB4,CS6,1,1
NELL1,CS7,1,1
NFS1,CS0,0,0
TRIM44,CS6,1,1
NEDD1,CS0,0,0
STAU1,CS6,1,0
PNMA3,CS6,1,1
FBN2,CS6,1,1
TTC3,CS6,1,1
SPAG1,CS7,1,1
SRGAP1,CS8,1,1
MRAP,CS6,1,1
MPPED1,CS6,1,1
ACAD11,CS6,1,0
ABCC1,CS6,1,1
DAAM1,CS6,1,1
FAM110A,CS6,1,1
SLC44A1,CS6,1,1
HAUS5,CS0,0,0
EIF1,CS0,0,1
ZNF219,CS6,1,1
TCEAL7,CS7,1,1
RTF2,CS0,0,1
ZNF331,CS7,1,1
THAP4,CS6,1,1
RAB31,CS6,1,1
CDH13,CS6,1,1
VPS26C,CS6,1,1
CYRIB,CS7,1,1
BRD3,CS7,1,1
SNX24,CS6,1,1
ACE2,CS8,1,0
MAGEB1,CS7,1,1
KCNAB3,CS6,1,1
AURKC,CS6,1,1
COL4A6,CS6,1,1
BRD9,CS7,1,0
ZNF460,CS7,1,1
RBAK,CS6,1,1
CYP26B1,CS6,1,1
RCAN3,CS6,1,1
LPIN2,CS6,1,1
CEMIP,CS6,1,1
CCN5,CS6,1,1
TRMO,CS6,1,1
SH3BGR,CS6,1,1
FBXL7,CS6,1,1
UHMK1,CS6,1,1
IKBIP,CS6,1,1
MARVELD2,CS6,1,1
FAM172A,CS7,1,1
TMTC4,CS6,1,1
UST,CS7,1,1
LRTOMT,CS6,1,1
NIPAL3,CS7,1,1
TBCCD1,CS6,1,1
PRELID3B,CS0,0,1
ADRA1D,CS7,1,1
STARD3NL,CS6,1,1
ANKRD10,CS6,1,1
RAP2C,CS7,1,1
CEP20,CS7,1,0
OLR1,CS6,1,1
GFOD1,CS7,1,1
ZBED3,CS6,1,1
CREBL2,CS6,1,1
ZNF562,CS7,1,1
AP1AR,CS6,1,1
RNF141,CS6,1,1
ZNF664,CS6,1,1
LZTFL1,CS6,1,1
ZDHHC14,CS6,1,1
SMIM14,CS7,1,1
C9orf72,CS6,1,1
SLC38A6,CS7,1,1
NEMP1,CS6,1,0
LITAF,CS6,1,1
SLC25A32,CS6,1,1
PDE3B,CS6,1,1
WDR46,CS0,0,1
NOL10,CS0,0,0
NSA2,CS0,0,0
CREB3L3,CS6,1,1
SERPINA10,CS7,1,1
ZDHHC6,CS6,1,1
PHLDB1,CS6,1,1
GAS2L1,CS7,1,1
MAP7D3,CS6,1,1
RPL36A,CS0,0,0
TCF24,CS6,1,1
SNX33,CS6,1,0
TYR,CS6,1,1
GABRA2,CS6,1,1
MOB2,CS6,1,1
MYOF,CS7,1,1
CACNG4,CS6,1,1
NLRP3,CS6,1,1
ACAT2,CS6,1,1
ACOT7,CS7,1,1
HDGFL3,CS6,1,1
ALDH3A1,CS6,1,1
LGR4,CS6,1,0
ZNF483,CS6,1,1
RIC8B,CS7,1,1
ULBP1,CS6,1,1
KLHL4,CS6,1,1
RHOBTB1,CS6,1,1
DPAGT1,CS0,0,1
TMTC2,CS6,1,1
ZBTB10,CS6,1,0
RCBTB1,CS6,1,1
TIAL1,CS6,1,0
AK9,CS6,1,1
FBXO10,CS6,1,1
CCPG1,CS6,1,1
CYB5D1,CS7,1,1
ADH7,CS6,1,1
ZNF140,CS6,1,1
DBR1,CS0,0,0
CLDN17,CS7,1,1
TRPS1,CS7,1,1
CCDC149,CS7,1,1
TMEM237,CS6,1,1
RNPC3,CS0,0,0
MGAM,CS6,1,1
MINDY3,CS6,1,1
SPECC1,CS6,1,1
F2RL1,CS7,1,1
NLRP12,CS7,1,1
TNFRSF13C,CS6,1,1
KCTD1,CS6,1,1
SACM1L,CS0,0,1
INIP,CS6,1,1
BEND2,CS7,1,1
ZNF609,CS6,1,1
CCDC159,CS6,1,1
KLHL14,CS6,1,1
IL24,CS6,1,1
STK33,CS6,1,1
FBXL22,CS6,1,1
RIOK2,CS0,0,0
SLC18A2,CS6,1,1
LMF2,CS6,1,1
MSH5,CS6,1,1
FPR1,CS6,1,1
PACRG,CS6,1,1
GIMAP4,CS7,1,1
C1orf131,CS0,0,0
DIRAS1,CS6,1,1
IQCH,CS6,1,1
EEPD1,CS6,1,1
DYNLRB2,CS6,1,1
HS3ST1,CS6,1,1
DENND6B,CS6,1,1
ZMAT4,CS6,1,1
MUCL3,CS6,1,1
DZIP1L,CS6,1,1
WWC3,CS6,1,1
MOBP,CS6,1,1
LURAP1L,CS7,1,1
ARMC9,CS6,1,1
KIAA0825,CS6,1,1
DEFA6,CS6,1,1
TPMT,CS6,1,1
CLDN20,CS7,1,1
FGFBP2,CS6,1,1
MAB21L2,CS6,1,1
FAM3B,CS6,1,1
GPR12,CS6,1,1
OCIAD2,CS6,1,0
CHAC2,CS6,1,1
SPEG,CS6,1,1
PASD1,CS6,1,1
TIMM10,CS0,0,0
ZFYVE19,CS6,1,0
SERINC1,CS6,1,1
FUT8,CS6,1,1
TPP1,CS6,1,0
ZFYVE21,CS6,1,1
ZNF454,CS6,1,1
CDA,CS6,1,1
TGDS,CS6,1,1
TTC39C,CS6,1,1
XYLB,CS6,1,1
PRR12,CS6,1,1
PTER,CS7,1,1
ALOX15B,CS6,1,1
HEBP1,CS6,1,1
SLC38A5,CS6,1,1
TNN,CS6,1,1
ARFGAP2,CS6,1,0
ANKRD26,CS7,1,1
ZFAND2A,CS7,1,0
ZNF552,CS7,1,1
CLMN,CS6,1,1
ACAP2,CS6,1,1
TMEM45B,CS6,1,1
MAGEB6,CS6,1,1
IFTAP,CS6,1,1
SLC9A8,CS6,1,1
MYLK3,CS6,1,1
SHROOM2,CS7,1,1
MTNR1B,CS6,1,1
SLC23A3,CS6,1,1
CYP2D6,CS6,1,1
ZNF557,CS6,1,1
MTMR10,CS6,1,1
TFPI2,CS6,1,1
L1TD1,CS6,1,1
TMEM139,CS6,1,1
MAS1,CS6,1,1
BTN3A1,CS6,1,1
CD300LD,CS7,1,1
ESAM,CS6,1,1
FBXO15,CS6,1,1
SMPDL3B,CS6,1,1
ATP8A1,CS6,1,1
ATP11A,CS6,1,1
YBX2,CS6,1,1
GSTCD,CS6,1,1
SMYD1,CS6,1,1
IGLL5,CS6,1,1
MASTL,CS0,0,1
NEK3,CS6,1,1
KCNK9,CS6,1,1
PTGS1,CS6,1,1
TMEM252,CS6,1,1
NETO1,CS6,1,1
SPAG16,CS6,1,1
TMIGD2,CS6,1,1
CREB3L1,CS7,1,1
SLC15A4,CS6,1,1
ATP4B,CS6,1,1
LSS,CS6,1,1
SLC26A9,CS6,1,1
NBEAL2,CS6,1,1
ZDHHC12,CS6,1,0
PHF11,CS6,1,1
KLK8,CS7,1,1
KIR3DL1,CS7,1,1
CA14,CS6,1,1
ADTRP,CS6,1,1
RPAIN,CS0,0,1
ZFAND4,CS6,1,1
GLRA2,CS6,1,1
FOXB1,CS6,1,1
GPC5,CS7,1,1
DPH3,CS0,0,1
B3GAT1,CS6,1,1
DEFA5,CS6,1,1
GYS2,CS6,1,1
SOX12,CS6,1,1
TFR2,CS6,1,1
PLA2G3,CS6,1,1
ARL14,CS6,1,1
MMRN2,CS6,1,1
RBP5,CS7,1,1
ZNF44,CS7,1,1
ZNF30,CS6,1,1
SPANXN4,CS6,1,1
C11orf87,CS7,1,1
MBNL3,CS7,1,1
RNASE2,CS6,1,1
ICAM4,CS6,1,1
KIAA1671,CS7,1,1
TBC1D22A,CS6,1,1
MMRN1,CS7,1,1
A2ML1,CS6,1,1
HAGHL,CS6,1,1
VPS13B,CS6,1,1
ADARB2,CS6,1,1
XIRP1,CS6,1,1
SPHKAP,CS6,1,1
MAGEA8,CS6,1,1
PRDM6,CS6,1,1
IL32,CS6,1,1
DMRT3,CS7,1,1
RTP5,CS6,1,1
GPATCH11,CS6,1,1
PNMA5,CS6,1,1
COL8A2,CS6,1,1
C1QTNF2,CS6,1,1
NAXD,CS6,1,1
DAAM2,CS6,1,1
KCNK16,CS7,1,1
KIRREL2,CS7,1,1
SLC30A2,CS6,1,1
ZNF765,CS6,1,1
PATE1,CS7,1,1
SOD3,CS7,1,1
SULT1A2,CS6,1,1
KLK15,CS6,1,1
ARMCX1,CS6,1,1
SEC22C,CS6,1,1
LRRC20,CS6,1,1
AIM2,CS6,1,1
SCRG1,CS6,1,1
ZNF415,CS6,1,1
EXD1,CS6,1,1
SMIM2,CS6,1,1
TMEM234,CS6,1,1
BPIFA2,CS6,1,1
KCTD19,CS6,1,1
NRSN1,CS6,1,1
FAM241B,CS6,1,1
B4GALT4,CS7,1,0
ZNF248,CS6,1,1
FGFRL1,CS6,1,1
SCGB3A1,CS7,1,1
DNAH11,CS7,1,1
FUT9,CS6,1,1
CLRN3,CS6,1,1
TMPRSS15,CS6,1,1
DNAJB7,CS6,1,1
CXCR5,CS7,1,1
ZNF385B,CS7,1,1
TRIML2,CS6,1,1
ZMYM1,CS7,1,1
SLC12A9,CS6,1,1
ADCY9,CS6,1,1
NFAM1,CS7,1,1
PLAC1,CS6,1,1
MAP7D2,CS6,1,1
PRRG3,CS6,1,1
SMPD2,CS6,1,1
SLC25A16,CS6,1,1
PRR4,CS6,1,1
PNPLA4,CS7,1,1
ZDHHC9,CS6,1,1
RTBDN,CS6,1,1
SERPINC1,CS7,1,1
ZSCAN23,CS6,1,1
HS3ST3B1,CS6,1,1
FAM78A,CS6,1,1
ADGRV1,CS6,1,1
SGCZ,CS6,1,1
GLB1L2,CS6,1,1
CLEC1A,CS6,1,1
LSAMP,CS6,1,1
ABHD12B,CS6,1,1
C22orf31,CS6,1,1
OGN,CS8,1,1
WBP2NL,CS6,1,1
FMN2,CS6,1,1
PLEKHH1,CS6,1,1
TMEM39A,CS6,1,0
COLEC10,CS6,1,1
SCML4,CS6,1,1
GXYLT2,CS6,1,1
HS6ST2,CS6,1,1
GIMAP2,CS6,1,1
JCHAIN,CS6,1,1
LARGE1,CS6,1,1
CHSY3,CS7,1,1
WDR13,CS6,1,1
PCSK1N,CS7,1,1
GABRE,CS7,1,1
LZTS1,CS7,1,1
OGFOD3,CS6,1,1
GPRC5D,CS6,1,1
P2RY8,CS6,1,1
TESPA1,CS6,1,1
SLC18A1,CS7,1,1
RBMXL1,CS0,0,1
SIRPG,CS6,1,1
SPINK5,CS6,1,1
TRHR,CS8,1,1
ASTN2,CS6,1,1
CBLL2,CS6,1,1
ST8SIA4,CS6,1,1
GDF3,CS6,1,1
CLEC11A,CS6,1,1
PLCZ1,CS6,1,1
ACADL,CS6,1,1
PTGR2,CS6,1,1
SNX29,CS6,1,1
CHST9,CS6,1,1
SIGLEC12,CS6,1,1
NYX,CS6,1,1
PLA2G7,CS6,1,1
CLEC16A,CS6,1,1
DDX25,CS6,1,1
KIF12,CS6,1,1
SDHAF4,CS6,1,1
HPS5,CS6,1,1
DPYS,CS6,1,1
C19orf54,CS7,1,1
C1QL4,CS6,1,1
FRMD3,CS7,1,1
ANKRD7,CS6,1,1
ARHGAP28,CS6,1,1
MYH15,CS6,1,1
ADAM8,CS7,1,1
SLC2A9,CS7,1,1
LRRC4B,CS6,1,1
EPYC,CS6,1,1
DUSP18,CS6,1,1
ZNF586,CS6,1,1
IL2,CS6,1,1
IL13RA2,CS7,1,1
EN2,CS6,1,1
CFAP97,CS6,1,1
ADAMTS18,CS6,1,1
CLCNKA,CS6,1,1
TOGARAM1,CS6,1,1
CFAP20DC,CS6,1,1
MYOM1,CS6,1,1
SLC35D3,CS6,1,1
TTC12,CS6,1,1
C3orf14,CS6,1,1
GPR107,CS6,1,1
LYSMD3,CS6,1,1
CLDND2,CS7,1,1
FAM53B,CS6,1,1
MFHAS1,CS6,1,1
SS18L2,CS0,0,1
HRH1,CS6,1,1
MXRA5,CS6,1,1
SLC17A4,CS6,1,1
ADM2,CS6,1,1
ZNF84,CS6,1,1
AS3MT,CS6,1,1
KISS1R,CS6,1,1
CACUL1,CS6,1,1
STPG4,CS7,1,1
MOSPD1,CS6,1,1
CYP2A7,CS6,1,1
NOVA2,CS7,1,1
CCDC96,CS6,1,1
TLL2,CS6,1,1
MTHFD2L,CS6,1,1
FAM78B,CS6,1,1
FLRT3,CS6,1,1
ZNF354C,CS6,1,1
PROZ,CS6,1,1
SSMEM1,CS7,1,1
C11orf24,CS6,1,1
XKRX,CS6,1,1
CCDC122,CS6,1,1
SLC39A12,CS6,1,1
LRRC27,CS7,1,1
TMPRSS11B,CS6,1,1
PNLDC1,CS6,1,1
NPY2R,CS7,1,1
ZBBX,CS6,1,1
CD69,CS6,1,1
BMP5,CS6,1,1
CNPPD1,CS7,1,1
CYP7B1,CS6,1,1
SEMA6D,CS6,1,1
LRRC23,CS6,1,1
ART5,CS6,1,1
ZNF221,CS7,1,1
FMO2,CS6,1,1
SHF,CS6,1,1
CFAP161,CS6,1,1
SLC24A2,CS6,1,1
MKRN2OS,CS6,1,1
SORCS2,CS6,1,1
SLC13A3,CS6,1,1
NRG3,CS6,1,1
FAM149A,CS6,1,1
TMEM144,CS7,1,1
GPR158,CS6,1,1
FGF4,CS6,1,1
ZNF850,CS6,1,1
ZNF485,CS6,1,1
CLDN14,CS6,1,1
GJD2,CS7,1,1
ENKUR,CS7,1,1
CYREN,CS6,1,1
DRC3,CS6,1,1
SLC66A3,CS6,1,1
TMEM132B,CS6,1,1
ZNF831,CS6,1,1
UNC93A,CS6,1,1
AFF2,CS6,1,1
ZNF749,CS7,1,1
SLFN13,CS6,1,1
KL,CS6,1,1
ALPK2,CS7,1,1
ADAMTS5,CS6,1,1
PCDHB13,CS6,1,1
ZNF615,CS6,1,1
NTN3,CS6,1,1
VPREB1,CS7,1,1
HABP2,CS6,1,1
SFT2D1,CS6,1,1
COL4A4,CS6,1,1
ZNF565,CS6,1,1
C1orf53,CS6,1,1
ANKRD34C,CS6,1,1
FSBP,CS6,1,1
ZNF841,CS6,1,1
TAAR1,CS6,1,1
PRCD,CS6,1,1
FAM166B,CS6,1,1
VAX1,CS6,1,1
FMO4,CS6,1,1
TEX12,CS6,1,1
MEI4,CS6,1,1
SLC39A2,CS6,1,1
ZNF837,CS6,1,1
TBX19,CS6,1,1
BNIP5,CS6,1,1
LMNTD2,CS6,1,1
TGM7,CS7,1,1
LCE3B,CS7,1,1
DEFB124,CS6,1,1
TMIE,CS6,1,1
EXOC3L1,CS6,1,1
HHLA2,CS6,1,1
TMEM45A,CS7,1,1
AQP8,CS6,1,1
HACD4,CS7,1,1
HHIPL1,CS6,1,1
CEACAM3,CS6,1,1
GUCA1B,CS6,1,1
TNFSF18,CS6,1,1
CDHR3,CS6,1,1
CDR1,CS7,1,1
SMIM19,CS6,1,1
LBX2,CS6,1,1
LYG1,CS6,1,1
TRH,CS6,1,1
B3GNT7,CS6,1,1
TMC4,CS7,1,1
PARM1,CS6,1,1
NIPA1,CS6,1,1
ZNF345,CS6,1,1
CCDC179,CS6,1,1
ECM2,CS6,1,1
DIPK1C,CS7,1,1
CCDC54,CS6,1,1
CYLC1,CS6,1,1
ANGPTL5,CS6,1,1
DEGS2,CS6,1,1
HS3ST5,CS6,1,1
ISM2,CS6,1,1
CCR9,CS6,1,1
KIRREL3,CS6,1,1
CALML4,CS6,1,1
PLD4,CS6,1,1
PDE6C,CS6,1,1
LRRC26,CS6,1,1
TLR10,CS6,1,1
AARS1,CS0,0,0
NAGS,CS6,1,1
CCKAR,CS7,1,1
TMEM74B,CS7,1,1
CALHM1,CS6,1,1
P2RY4,CS7,1,1
TMEM132D,CS6,1,1
WDR31,CS6,1,1
AMELX,CS6,1,1
B3GNT8,CS6,1,1
SLC6A11,CS7,1,1
BHLHE22,CS6,1,1
OC90,CS6,1,1
FABP6,CS6,1,1
TPSD1,CS7,1,1
GPR65,CS6,1,1
LILRA1,CS6,1,1
PFN3,CS7,1,1
AOAH,CS6,1,1
GDAP1L1,CS6,1,1
TAS2R3,CS6,1,1
RAX,CS6,1,1
GPR27,CS7,1,1
CHST5,CS6,1,1
ADAM29,CS6,1,1
ARSD,CS7,1,1
P2RY10,CS6,1,1
NXPH1,CS6,1,1
PLA2G2D,CS6,1,1
TEX30,CS7,1,1
SLC4A9,CS6,1,1
CYP2R1,CS6,1,0
PSAPL1,CS7,1,1
HS3ST4,CS6,1,1
RERGL,CS6,1,1
AKR1E2,CS7,1,1
ADAM18,CS8,1,1
HEPACAM,CS7,1,1
GPR174,CS6,1,1
SYT14,CS6,1,1
TMEM125,CS6,1,1
KANK3,CS6,1,1
ZNF492,CS0,0,1
PGPEP1L,CS6,1,1
SH3TC2,CS6,1,1
GALNT17,CS6,1,1
CACNG7,CS8,1,1
GPR62,CS6,1,1
SLC6A18,CS6,1,1
FBXO39,CS6,1,1
SHISA7,CS6,1,1
CATSPERB,CS7,1,1
ZFP92,CS6,1,1
TMEM156,CS6,1,1
ARFIP2,CS6,1,1
TFAP2A,CS7,1,1
GRB2,CS0,0,0
BCL3,CS7,1,1
MCM2,CS0,0,0
CDC7,CS0,0,0
HAND2,CS6,1,1
DCN,CS6,1,1
GADD45A,CS7,1,1
LSM4,CS0,0,0
LSM5,CS0,0,0
KTN1,CS7,1,0
DDX54,CS0,0,0
GNAZ,CS8,1,1
FGF7,CS6,1,1
EIF3E,CS0,0,1
QARS1,CS0,0,0
XRCC6,CS0,0,0
VAV1,CS6,1,1
NCF4,CS6,1,1
XRCC5,CS0,0,0
LOX,CS6,1,1
RAP1GAP,CS6,1,1
EPB41L1,CS6,1,1
SNW1,CS0,0,0
TLE4,CS6,1,1
CD2AP,CS6,1,1
RAB5B,CS6,1,1
RAP2B,CS6,1,1
OBSCN,CS7,1,1
XPC,CS7,1,0
USP11,CS7,1,0
IL1RAPL1,CS6,1,1
STAM,CS6,1,0
DTNA,CS6,1,1
TXNL4A,CS0,0,1
F8,CS6,1,1
UBTF,CS0,0,1
LRP2BP,CS6,1,1
CDKN2A,CS7,1,1
NUBP1,CS0,0,0
NCBP1,CS0,0,0
CDKN1B,CS6,1,1
SERPINH1,CS7,1,0
NEUROD1,CS6,1,1
CDC45,CS0,0,0
HECW1,CS7,1,1
MAD2L1,CS0,0,0
MRAS,CS6,1,1
STAP2,CS6,1,1
PEG10,CS7,1,1
SHANK1,CS6,1,1
BLMH,CS6,1,0
RGS4,CS6,1,1
EIF4A1,CS0,0,0
MBD3L1,CS6,1,1
UBE2L3,CS0,0,0
SLC22A12,CS6,1,1
PLCB2,CS6,1,1
PAX6,CS6,1,1
CENPK,CS0,0,0
LSM2,CS0,0,1
UFD1,CS0,0,0
ARNT2,CS6,1,1
ITCH,CS6,1,1
PRKD1,CS7,1,1
PER1,CS6,1,1
PAWR,CS7,1,1
PDZD2,CS6,1,1
ZNF496,CS6,1,1
COPZ1,CS0,0,1
TNNI3K,CS6,1,1
CDK14,CS6,1,1
GOLGA7,CS8,1,0
CACTIN,CS0,0,1
ATP6V1E1,CS0,0,0
CCDC158,CS6,1,1
DOK5,CS6,1,1
CRACR2A,CS6,1,1
CCNK,CS0,0,0
LNX1,CS6,1,1
QPRT,CS6,1,1
DCTD,CS6,1,1
CPSF6,CS0,0,0
LGALS8,CS7,1,1
MDFI,CS6,1,1
ZC3H14,CS6,1,0
RASD1,CS7,1,1
ZNF821,CS6,1,1
PHPT1,CS6,1,1
FHL3,CS6,1,0
SORBS3,CS6,1,0
USP5,CS0,0,0
STX8,CS6,1,1
TUBGCP4,CS0,0,0
HNRNPC,CS0,0,0
U2AF2,CS0,0,0
SOCS2,CS6,1,1
SPRY2,CS7,1,0
HSD17B14,CS6,1,1
CIAO1,CS0,0,0
DYNC1I2,CS0,0,0
SRSF1,CS0,0,0
RBMX,CS0,0,0
TRIM39,CS7,1,1
ZCCHC14,CS7,1,1
RAB3IL1,CS6,1,1
RAI1,CS6,1,1
PSMC4,CS0,0,0
CIAO2B,CS0,0,0
GEM,CS6,1,0
ASB13,CS6,1,1
ENOX2,CS6,1,1
PDLIM1,CS6,1,0
NME4,CS6,1,1
TNFAIP8,CS6,1,1
MAPK9,CS7,1,1
CARD14,CS6,1,1
ZNF764,CS6,1,1
RPS15A,CS0,0,0
ZNF101,CS6,1,1
RAI2,CS6,1,1
PUF60,CS0,0,0
DARS1,CS0,0,0
FAM153A,CS6,1,1
HOMER1,CS6,1,1
UBL7,CS6,1,0
SH2D4A,CS6,1,1
RPL31,CS0,0,0
NOL4,CS6,1,1
ZC4H2,CS7,1,1
TPGS2,CS6,1,1
HPRT1,CS6,1,1
DDI1,CS6,1,1
SERTAD1,CS7,1,1
ZNF334,CS7,1,1
VPS33B,CS6,1,0
SF3B2,CS0,0,0
UBAC1,CS6,1,0
ZNF567,CS7,1,1
ATP6V1G1,CS0,0,0
SLC22A6,CS6,1,1
CTH,CS6,1,1
ACMSD,CS6,1,1
MLLT3,CS6,1,1
UBLCP1,CS6,1,1
CPSF4,CS0,0,0
TCEA2,CS6,1,1
PYCARD,CS6,1,1
PDLIM5,CS7,1,1
PCSK5,CS6,1,1
EIF4E,CS0,0,0
S100B,CS6,1,1
PSMC3,CS0,0,0
NUF2,CS0,0,0
MMP14,CS7,1,1
MTA1,CS6,1,0
RANGAP1,CS0,0,0
NSF,CS0,0,1
EIF3A,CS0,0,0
MCC,CS7,1,1
CHST12,CS6,1,0
ALDH16A1,CS6,1,1
COPS2,CS0,0,0
EIF3D,CS0,0,0
RBM25,CS0,0,0
OTUD4,CS6,1,0
RPL23A,CS0,0,0
OAZ2,CS6,1,0
MTX1,CS6,1,1
KIF23,CS0,0,0
LGALS1,CS6,1,0
PSMD8,CS0,0,0
RPL32,CS0,0,0
PPP1R11,CS0,0,1
RPS10,CS0,0,0
NUDT1,CS6,1,1
LNPK,CS6,1,1
DEGS1,CS6,1,0
CHMP6,CS0,0,1
ARPC5L,CS7,1,1
CFLAR,CS0,0,1
MTPN,CS6,1,1
KMT2C,CS6,1,1
IQGAP2,CS7,1,1
BIRC5,CS0,0,1
LRBA,CS6,1,1
SLC25A12,CS6,1,1
SRRM1,CS0,0,0
LAS1L,CS0,0,0
RAF1,CS6,1,1
KRT34,CS6,1,1
CYP1B1,CS6,1,1
DOCK4,CS6,1,1
POLR2H,CS0,0,0
CCL14,CS6,1,1
GNL2,CS0,0,0
SNRNP70,CS0,0,0
RPL21,CS0,0,0
NAT10,CS0,0,0
MARS1,CS0,0,0
ABRAXAS2,CS7,1,0
LXN,CS6,1,1
ELL,CS0,0,1
PPAN,CS0,0,1
CCDC82,CS7,1,1
GPS1,CS0,0,0
CSTF3,CS0,0,0
KPNA1,CS7,1,0
UBE4A,CS7,1,0
JPH3,CS7,1,1
DHX37,CS0,0,0
CRB1,CS6,1,1
TRAF3,CS6,1,1
TAB1,CS6,1,0
GBF1,CS0,0,1
RSL1D1,CS0,0,0
HCFC2,CS7,1,1
RASA1,CS6,1,1
BUB1B,CS0,0,0
CASP8,CS8,1,1
TNS1,CS6,1,1
KAT2B,CS6,1,1
ARHGEF1,CS6,1,1
ANAPC1,CS0,0,1
CCNA2,CS0,0,0
LIPG,CS6,1,1
GTF2B,CS0,0,0
PSMA5,CS0,0,0
IK,CS0,0,0
TNIP2,CS7,1,0
PPP6R1,CS6,1,1
APAF1,CS6,1,1
SPA17,CS6,1,1
TINF2,CS0,0,0
MED31,CS0,0,0
POLR2F,CS0,0,0
POLR2I,CS0,0,0
VGLL4,CS7,1,1
NOD2,CS7,1,1
BLOC1S2,CS6,1,0
BLOC1S5,CS6,1,1
STX18,CS0,0,1
HSPH1,CS6,1,0
UBA1,CS0,0,0
STARD13,CS6,1,1
PLD2,CS6,1,1
ZHX2,CS7,1,1
SLC30A3,CS6,1,1
SCEL,CS6,1,1
TIPIN,CS0,0,1
CRY2,CS6,1,1
OXT,CS6,1,1
NOTCH2,CS7,1,1
EPS8L2,CS6,1,1
IGFBP7,CS6,1,1
EIF3B,CS0,0,0
WASF1,CS7,1,1
TRPC3,CS6,1,1
CTSB,CS7,1,0
LSM11,CS0,0,0
JAM2,CS6,1,1
NFATC2,CS6,1,1
IKZF2,CS6,1,1
SLIT2,CS6,1,1
CD84,CS7,1,1
DAPK3,CS6,1,1
CCHCR1,CS6,1,1
GSPT1,CS0,0,0
NGB,CS6,1,1
ACTN2,CS6,1,1
CASP5,CS6,1,1
RHEB,CS0,0,1
SCAP,CS0,0,0
GJA8,CS6,1,1
CHRM3,CS7,1,1
BCOR,CS6,1,1
CLSPN,CS0,0,0
NECTIN3,CS7,1,1
SUPT5H,CS0,0,0
DSC2,CS6,1,1
HTR2A,CS6,1,1
ZNF197,CS6,1,1
ACTG2,CS6,1,1
INCENP,CS0,0,1
RAB8B,CS6,1,1
ADCY5,CS6,1,1
NUP88,CS0,0,0
KAT8,CS0,0,1
TGM2,CS7,1,1
MLLT10,CS7,1,1
SRCAP,CS0,0,1
GATA6,CS6,1,1
PSMA4,CS0,0,0
CBX8,CS6,1,1
PRDM2,CS6,1,1
SLC9A2,CS6,1,1
ARMCX3,CS6,1,0
CDC73,CS0,0,1
GRIPAP1,CS6,1,0
RNASE6,CS6,1,1
ASCC2,CS6,1,0
GNL3,CS0,0,0
ERG28,CS6,1,0
MYDGF,CS6,1,1
NREP,CS6,1,1
CGA,CS6,1,1
CPE,CS6,1,1
EGFL6,CS7,1,1
ETHE1,CS7,1,1
FBXL12,CS6,1,1
FBXO34,CS6,1,1
NDUFS6,CS6,1,0
DHX29,CS7,1,1
HYLS1,CS6,1,1
C1orf174,CS6,1,0
RPS4X,CS0,0,0
AKT1S1,CS6,1,1
LMTK3,CS6,1,1
DKC1,CS0,0,0
TMEM43,CS6,1,0
PBDC1,CS6,1,1
PRNP,CS6,1,1
CBR3,CS6,1,1
DDX42,CS0,0,0
RGS1,CS6,1,1
SYBU,CS6,1,1
RUSC2,CS6,1,1
SERPINA5,CS7,1,1
SCAMP2,CS6,1,1
SLC25A11,CS7,1,1
TSPAN6,CS7,1,1
TNFRSF10C,CS6,1,1
FUNDC2,CS6,1,0
ZNF594,CS6,1,1
ANXA3,CS6,1,1
CKMT2,CS6,1,1
OGFOD2,CS6,1,1
SPDL1,CS0,0,0
GLYAT,CS6,1,1
LORICRIN,CS6,1,1
ARFGAP1,CS6,1,0
SHPRH,CS6,1,1
EPHB6,CS6,1,1
GDNF,CS6,1,1
MAP4K1,CS6,1,1
GEMIN5,CS0,0,0
CX3CL1,CS6,1,1
FGFBP1,CS6,1,1
ST14,CS6,1,1
C7,CS7,1,1
GDF6,CS6,1,1
TLE2,CS6,1,1
FAP,CS6,1,1
PSKH1,CS7,1,1
CPB2,CS6,1,1
C8B,CS6,1,1
EHD3,CS6,1,1
ST6GAL1,CS6,1,1
FSTL3,CS6,1,1
IFNGR2,CS7,1,1
MEP1A,CS6,1,1
GRHL3,CS6,1,1
NLRP1,CS7,1,1
MAP3K10,CS6,1,1
SPARC,CS6,1,1
TCF20,CS6,1,0
SRP54,CS0,0,0
DLGAP1,CS6,1,1
CDC42SE2,CS6,1,1
KLRK1,CS6,1,1
ATOX1,CS6,1,1
RYR3,CS6,1,1
AHSG,CS6,1,1
RCAN1,CS6,1,1
ACBD3,CS6,1,0
SERPINF2,CS7,1,1
MID1,CS6,1,1
TRIM3,CS6,1,1
TRIM6,CS6,1,1
DRD1,CS6,1,1
C4BPA,CS7,1,1
GRIA4,CS6,1,1
TNFRSF11B,CS6,1,1
SHH,CS7,1,1
SFRP1,CS6,1,1
JAG1,CS6,1,1
TNFRSF11A,CS6,1,1
CASP7,CS6,1,1
TEK,CS6,1,1
FGF9,CS6,1,1
BFSP1,CS6,1,1
CD3E,CS6,1,1
SMG1,CS0,0,1
NCR3,CS6,1,1
SYT13,CS6,1,1
MYLK,CS6,1,1
QDPR,CS6,1,1
CSF2RA,CS6,1,1
ASAP1,CS6,1,1
FZD1,CS6,1,1
ARHGEF6,CS7,1,1
HOXD8,CS6,1,1
SNAPC3,CS0,0,1
TNC,CS6,1,1
S1PR1,CS6,1,1
HTR1D,CS6,1,1
BDKRB2,CS6,1,1
CAV3,CS6,1,1
FNIP1,CS6,1,1
RPS6,CS0,0,0
RRN3,CS0,0,0
GULP1,CS6,1,1
BANF1,CS0,0,0
TAP2,CS6,1,1
SNAPC2,CS0,0,1
UTF1,CS6,1,1
NCAPD2,CS0,0,0
ATP6V1H,CS0,0,0
IL13RA1,CS6,1,1
NLK,CS7,1,1
C9,CS6,1,1
TOMM22,CS0,0,0
IVL,CS7,1,1
MCAM,CS6,1,1
TSPO,CS6,1,1
F5,CS6,1,1
NRXN3,CS6,1,1
CXCR1,CS6,1,1
FBXO32,CS7,1,0
TUBGCP2,CS0,0,1
TNFSF15,CS6,1,1
EFNB3,CS6,1,1
PAK1IP1,CS0,0,0
CCT6A,CS0,0,0
DCX,CS7,1,1
CNTNAP4,CS6,1,1
IGFBP2,CS6,1,1
IRAK1BP1,CS6,1,1
PTPN18,CS6,1,1
CTSD,CS7,1,0
UBE2J1,CS6,1,0
BMP1,CS7,1,1
CCNB2,CS6,1,1
CCL11,CS6,1,1
PRPS2,CS6,1,1
MAPK12,CS6,1,1
NFATC1,CS6,1,1
FZD2,CS6,1,1
SIX6,CS6,1,1
TAF4B,CS6,1,1
RTN4R,CS6,1,1
ZIC1,CS7,1,1
SLA2,CS7,1,1
DGKQ,CS6,1,1
PAX8,CS0,0,1
NR2F6,CS6,1,1
RASSF9,CS6,1,1
PPP1R3A,CS6,1,1
SIRPB1,CS7,1,1
FMN1,CS6,1,1
AQP4,CS7,1,1
PSMB7,CS0,0,0
CNOT4,CS6,1,1
PTAFR,CS6,1,1
FBH1,CS6,1,1
PLEKHA1,CS7,1,1
ADCYAP1,CS7,1,1
SF3B5,CS0,0,0
CHERP,CS0,0,0
OAZ3,CS6,1,1
SSTR5,CS6,1,1
IL10RB,CS6,1,1
SST,CS6,1,1
POLR3B,CS0,0,1
TBXA2R,CS6,1,1
KCNK1,CS6,1,1
FGF8,CS6,1,1
PSIP1,CS6,1,0
CFD,CS6,1,1
FCN2,CS6,1,1
HIBADH,CS6,1,1
POU3F2,CS7,1,1
SNX13,CS6,1,1
RBBP9,CS6,1,1
CCL20,CS7,1,1
TADA1,CS9,1,1
RBBP6,CS0,0,0
ANAPC16,CS6,1,0
DTL,CS0,0,1
RABGAP1,CS6,1,1
TAF1L,CS7,1,1
GNGT1,CS7,1,1
HLTF,CS7,1,1
RBCK1,CS7,1,1
SPRED1,CS7,1,1
PADI4,CS6,1,1
WDR82,CS0,0,0
SLC22A11,CS6,1,1
PHLPP1,CS7,1,1
ACADM,CS7,1,1
HIVEP2,CS6,1,1
MPST,CS6,1,1
PIK3C2A,CS6,1,1
RPL3L,CS6,1,0
JOSD2,CS6,1,1
RAD51AP1,CS6,1,1
WDR3,CS0,0,0
PMPCA,CS0,0,0
KDM3B,CS7,1,1
PRPF38B,CS0,0,0
SMU1,CS0,0,1
DHX33,CS0,0,1
RPAP2,CS0,0,1
THNSL1,CS8,1,1
WDR75,CS0,0,0
NUDCD1,CS6,1,1
ABCC12,CS7,1,1
TYSND1,CS6,1,0
NOP56,CS0,0,0
NOP58,CS0,0,0
SDE2,CS0,0,1
DTYMK,CS0,0,0
MEIG1,CS6,1,1
WSB1,CS6,1,1
DCAF12,CS6,1,1
NR4A3,CS6,1,1
MEGF6,CS6,1,1
ZNRF1,CS7,1,1
RNF186,CS6,1,1
RNF157,CS6,1,1
ZNRF3,CS6,1,1
BFAR,CS6,1,1
FRMD8,CS7,1,1
PNMA8A,CS6,1,1
LNX2,CS6,1,1
TRIM36,CS6,1,1
RNF32,CS6,1,1
ATG2B,CS6,1,1
MAP1LC3C,CS6,1,1
RTL6,CS7,1,1
MON1B,CS6,1,1
LLGL1,CS6,1,1
MTM1,CS6,1,1
TRAPPC8,CS0,0,1
MKX,CS6,1,1
EYA1,CS6,1,1
PIBF1,CS6,1,1
FBXO30,CS6,1,1
NCKAP5,CS6,1,1
FKBP14,CS7,1,0
FAT1,CS6,1,1
ZNF184,CS6,1,1
ZNF23,CS6,1,1
ZNF195,CS7,1,1
ANKRD55,CS6,1,1
WDR12,CS0,0,1
TBC1D25,CS6,1,0
NR2E1,CS6,1,1
MYEF2,CS6,1,1
MTA3,CS6,1,1
BCL6B,CS6,1,1
DHX16,CS0,0,0
RPS7,CS0,0,0
ADA2,CS6,1,1
SOCS6,CS6,1,0
CPA4,CS6,1,1
ANKRD12,CS6,1,1
SATB2,CS7,1,1
NLRP2,CS6,1,1
DIP2A,CS6,1,1
ZNF76,CS6,1,1
PAX7,CS6,1,1
CENPN,CS0,0,0
H2AZ2,CS6,1,0
NUTM1,CS6,1,1
DDX53,CS6,1,1
MCCC2,CS6,1,0
MACROD2,CS7,1,1
GRPEL1,CS0,0,0
ZNF703,CS6,1,1
IQCK,CS6,1,1
MYH1,CS6,1,1
ATP6V0D1,CS0,0,1
PSMA8,CS6,1,1
GCDH,CS7,1,1
PURB,CS6,1,1
KRT80,CS6,1,1
SPIN1,CS7,1,1
IDI2,CS6,1,1
FAM234A,CS6,1,0
ARRDC3,CS8,1,1
MEGF8,CS6,1,1
DUSP23,CS6,1,0
WDHD1,CS0,0,0
ALS2,CS6,1,1
RIOK1,CS0,0,0
LANCL1,CS6,1,1
MSR1,CS6,1,1
MC2R,CS6,1,1
CCDC136,CS6,1,1
SRGAP3,CS6,1,1
DPYSL3,CS6,1,1
ZNF230,CS7,1,1
RESF1,CS6,1,1
ADAMTS2,CS6,1,1
PLXNA3,CS6,1,1
ITFG1,CS7,1,1
PHAX,CS0,0,0
CST6,CS6,1,1
NAT14,CS6,1,1
HSF2BP,CS6,1,1
AFTPH,CS6,1,1
NMT2,CS7,1,1
CRELD2,CS6,1,0
SPOUT1,CS0,0,0
FAM118B,CS6,1,1
DYNC2I1,CS6,1,1
ZNF671,CS6,1,1
LCORL,CS6,1,1
KIFC3,CS6,1,1
CMC2,CS6,1,1
ZNF324,CS6,1,1
ROBO3,CS6,1,1
YY2,CS7,1,1
HAUS8,CS0,0,0
HSD17B8,CS6,1,1
AMPD3,CS6,1,1
TCF15,CS7,1,1
CNDP2,CS6,1,1
KANK1,CS6,1,1
SLC45A1,CS6,1,1
ATXN7L1,CS6,1,1
TANGO6,CS0,0,1
KIF16B,CS6,1,1
MAPK4,CS6,1,1
DHRS3,CS6,1,1
CREB3L2,CS7,1,1
DUSP15,CS6,1,1
ISOC1,CS6,1,1
FARP1,CS6,1,1
CYP51A1,CS6,1,1
CHSY1,CS7,1,1
CD70,CS6,1,1
TMEM65,CS6,1,1
OSR2,CS6,1,1
ZNF800,CS6,1,1
ALDH1A3,CS7,1,1
TRAM2,CS6,1,1
MSMO1,CS7,1,1
PLD6,CS6,1,1
CXCL16,CS6,1,1
RBMX2,CS0,0,0
MIGA1,CS6,1,1
ADIPOR1,CS6,1,1
LTO1,CS0,0,1
PXDC1,CS6,1,1
EPB41L4B,CS6,1,1
AGPAT5,CS7,1,1
NRIP2,CS6,1,1
SEC31B,CS6,1,1
UTP20,CS0,0,0
H2BC11,CS0,0,0
PHF3,CS6,1,1
UTP4,CS0,0,1
C1orf109,CS0,0,0
FGF23,CS6,1,1
ZBTB7C,CS7,1,1
AUTS2,CS7,1,1
SUN1,CS6,1,1
FAM8A1,CS6,1,1
RIMS4,CS6,1,1
KCNIP1,CS6,1,1
IFNE,CS6,1,1
FBXO46,CS7,1,1
TBC1D2,CS7,1,1
SIRPD,CS6,1,1
CORO1B,CS6,1,1
AKR1A1,CS6,1,1
PGM2,CS6,1,1
MICA,CS7,1,1
KLHL28,CS6,1,1
KBTBD8,CS6,1,1
SLC1A3,CS6,1,1
FBXL17,CS6,1,1
SPATA5L1,CS0,0,0
KRT24,CS6,1,1
ABCA10,CS6,1,1
KPRP,CS6,1,1
CNTN4,CS7,1,1
FOXI1,CS6,1,1
TENM4,CS6,1,1
SCARA5,CS6,1,1
TTC34,CS6,1,1
PCCA,CS6,1,1
SLC6A15,CS6,1,0
PDZRN4,CS6,1,1
CAPN7,CS6,1,1
NOB1,CS0,0,0
COL1A2,CS6,1,1
RNF24,CS6,1,1
ZBTB47,CS6,1,1
CILK1,CS6,1,1
GNG8,CS6,1,1
ERP27,CS6,1,1
RTL8C,CS6,1,1
TMEM67,CS6,1,1
CWC22,CS0,0,1
LRCH1,CS6,1,1
SORCS1,CS6,1,1
NOX5,CS6,1,1
TRAPPC1,CS0,0,1
TRAPPC3L,CS6,1,1
PEAK1,CS6,1,1
HTRA1,CS6,1,1
PXDN,CS6,1,1
PDE10A,CS6,1,1
TMEM192,CS6,1,1
TOX2,CS6,1,1
CSAG1,CS6,1,1
CLIP4,CS7,1,1
PP2D1,CS6,1,1
PTTG2,CS6,1,1
SASH3,CS6,1,1
ULK4,CS6,1,1
KCNN3,CS6,1,1
OCEL1,CS7,1,1
CAVIN4,CS6,1,1
ZSCAN5A,CS6,1,1
CLDN16,CS6,1,1
TTC23,CS7,1,1
NNMT,CS7,1,1
PRSS33,CS6,1,1
GIMAP5,CS7,1,1
SPATS2,CS6,1,1
MTMR14,CS6,1,0
GPR78,CS6,1,1
C3orf20,CS6,1,1
ORMDL1,CS6,1,0
MRAP2,CS6,1,1
SERAC1,CS6,1,1
P2RX6,CS6,1,1
HAVCR2,CS6,1,1
RAB28,CS6,1,1
MYL10,CS7,1,1
RABL3,CS6,1,0
DGLUCY,CS6,1,1
RHBDD2,CS6,1,1
CAVIN3,CS6,1,1
FAM3C,CS6,1,1
PLPP1,CS6,1,1
ACOT1,CS8,1,1
NUDT19,CS6,1,0
PDE6A,CS6,1,1
SNX12,CS6,1,0
TIMM10B,CS6,1,0
MROH2B,CS6,1,1
TNFAIP2,CS6,1,1
PLBD2,CS6,1,1
LDHAL6B,CS6,1,1
RCCD1,CS6,1,1
PREB,CS0,0,0
CCDC68,CS6,1,1
TRNT1,CS0,0,1
SMG9,CS6,1,0
CABYR,CS6,1,1
DEPDC1B,CS6,1,1
SCCPDH,CS6,1,1
BTBD16,CS6,1,1
ZNF773,CS6,1,1
ZFP82,CS7,1,1
NAPEPLD,CS6,1,1
SRSF12,CS6,1,1
SNRNP25,CS0,0,1
GARNL3,CS6,1,1
FGL1,CS6,1,1
CFAP52,CS6,1,1
LOXL2,CS6,1,1
ANKRD42,CS7,1,1
TBC1D19,CS7,1,1
RIC3,CS6,1,1
APOA4,CS7,1,1
CHKB,CS6,1,1
APOLD1,CS6,1,1
LY6G5B,CS6,1,1
STYK1,CS6,1,1
TFDP3,CS6,1,1
ZC3H8,CS0,0,1
CRISPLD2,CS6,1,1
DAPP1,CS6,1,1
CSRNP2,CS6,1,1
ZNF41,CS7,1,1
SCARA3,CS6,1,1
ETFBKMT,CS6,1,1
LRRC61,CS7,1,1
RTL9,CS6,1,1
GPX3,CS6,1,1
RBMXL3,CS7,1,1
KCNJ15,CS7,1,1
ATP6V0B,CS0,0,1
IGSF11,CS6,1,1
ATP11C,CS6,1,1
TMEM30B,CS6,1,1
STRA6,CS6,1,1
TEX15,CS6,1,1
SCG3,CS7,1,1
SLC22A16,CS6,1,1
ZNF280C,CS6,1,1
HHIP,CS6,1,1
TIMM21,CS6,1,0
AKR1C4,CS6,1,1
FAM118A,CS6,1,1
ESX1,CS6,1,1
TMEM184C,CS6,1,1
GPR22,CS6,1,1
CPTP,CS7,1,1
RDH12,CS6,1,1
PPM1K,CS6,1,1
TMEM184A,CS6,1,1
ADCY7,CS6,1,1
ZPBP,CS6,1,1
DDC,CS6,1,1
MSANTD2,CS6,1,1
NKG7,CS7,1,1
GALNT7,CS6,1,1
ZBED2,CS6,1,1
TRMT10B,CS6,1,0
FAM71F1,CS6,1,1
RSPO3,CS6,1,1
B3GALT6,CS6,1,1
MGST1,CS7,1,1
GLCCI1,CS6,1,1
ZNF146,CS8,1,1
ADGRG6,CS6,1,1
MANBA,CS6,1,1
MGAT3,CS6,1,1
TMEM231,CS6,1,1
TANC2,CS6,1,1
AGAP3,CS6,1,1
GARRE1,CS6,1,0
TEX9,CS7,1,1
FTO,CS6,1,1
GMPR2,CS6,1,1
GNPDA2,CS6,1,1
ZNF503,CS6,1,1
NAA50,CS0,0,1
ASB14,CS6,1,1
ASB15,CS7,1,1
CCDC157,CS6,1,1
STOX2,CS7,1,1
DGAT2,CS8,1,1
ROM1,CS7,1,1
FUNDC1,CS6,1,0
TRIM58,CS6,1,1
TRPM4,CS6,1,1
ACBD5,CS6,1,1
KLHL35,CS6,1,1
BLVRA,CS6,1,1
BTC,CS6,1,1
INPP5J,CS6,1,1
YJU2,CS0,0,0
SNAP47,CS6,1,1
C12orf50,CS6,1,1
MSRB3,CS6,1,1
GYPA,CS6,1,1
NYAP2,CS6,1,1
APOL6,CS6,1,1
IFT43,CS6,1,1
TMEM213,CS6,1,1
ADAMTSL3,CS6,1,1
PRELID3A,CS7,1,1
FAM218A,CS6,1,1
TAFA1,CS6,1,1
RIPPLY1,CS7,1,1
RAB41,CS6,1,1
NFKBID,CS6,1,1
CD300A,CS6,1,1
YIPF1,CS6,1,1
ZSCAN22,CS6,1,1
TMEM100,CS6,1,1
SLC35B4,CS6,1,1
COX6B2,CS6,1,1
C12orf40,CS6,1,1
RTP2,CS6,1,1
ZNF320,CS6,1,1
DUSP2,CS6,1,1
CCNYL1,CS7,1,1
PUDP,CS6,1,1
SETD4,CS6,1,1
DNAI2,CS6,1,1
PABIR3,CS7,1,1
VSX2,CS6,1,1
MN1,CS6,1,1
EXD2,CS6,1,0
PPWD1,CS0,0,0
CIB2,CS6,1,0
NEIL3,CS6,1,1
PADI1,CS6,1,1
POPDC2,CS6,1,1
GHDC,CS6,1,0
KNOP1,CS6,1,1
PRDM15,CS6,1,1
PRELID1,CS0,0,0
ZFP62,CS7,1,1
CD109,CS6,1,1
CCDC34,CS6,1,1
FRAS1,CS6,1,1
ENPP4,CS7,1,1
HEG1,CS6,1,1
NUS1,CS0,0,1
LRP12,CS6,1,1
SPRR3,CS6,1,1
LHPP,CS6,1,1
BTN2A1,CS6,1,1
SUMF1,CS6,1,1
PENK,CS6,1,1
ARL5B,CS6,1,1
MBLAC2,CS6,1,1
PSMG4,CS0,0,1
MYH8,CS6,1,1
EYA4,CS6,1,1
SLC8A3,CS6,1,1
LIME1,CS7,1,1
ZNF358,CS6,1,1
LMBRD2,CS6,1,1
SLC7A3,CS6,1,1
B9D2,CS6,1,1
CLEC10A,CS7,1,1
LCMT2,CS6,1,1
TCTN1,CS6,1,0
ST3GAL4,CS6,1,1
FAM221A,CS6,1,1
SLC25A35,CS6,1,1
TTC30A,CS6,1,1
VSIG2,CS6,1,1
CTSV,CS6,1,1
BTN3A2,CS6,1,1
LPAR6,CS6,1,1
PRSS48,CS6,1,1
HTRA3,CS6,1,1
GLT8D2,CS6,1,1
RUSF1,CS6,1,0
SFRP4,CS6,1,1
OPN3,CS6,1,1
CABS1,CS6,1,1
FAM43A,CS6,1,1
GCNT1,CS6,1,1
SAMD7,CS7,1,1
SERPINB13,CS6,1,1
VSTM2A,CS6,1,1
TMEM260,CS6,1,1
OSER1,CS6,1,1
CPZ,CS6,1,1
BOD1L2,CS6,1,1
RAB9B,CS6,1,1
RP1L1,CS6,1,1
ARRDC5,CS6,1,1
C15orf40,CS6,1,1
MSRA,CS7,1,1
SLC15A2,CS6,1,1
PLEKHS1,CS6,1,1
MAGEE2,CS7,1,1
NALCN,CS6,1,1
ERICH1,CS7,1,1
LRRC34,CS6,1,1
LRRC52,CS6,1,1
ZNF616,CS6,1,1
ASXL3,CS6,1,1
MICU3,CS6,1,1
LRRCC1,CS6,1,1
MBOAT2,CS6,1,1
BTBD11,CS6,1,1
LRRC2,CS6,1,1
SLC49A3,CS6,1,1
FAM111A,CS7,1,1
GRTP1,CS6,1,1
ACTRT1,CS7,1,1
LYSMD2,CS6,1,1
LGR5,CS6,1,1
FOXQ1,CS6,1,1
CPNE4,CS6,1,1
RHOU,CS6,1,1
RHOV,CS6,1,1
PTGER2,CS6,1,1
IL12B,CS7,1,1
ZNF304,CS7,1,1
STXBP6,CS6,1,1
AFM,CS7,1,1
SCARF2,CS6,1,1
SLC9A7,CS6,1,1
KERA,CS6,1,1
IL17RE,CS6,1,1
HTR3A,CS6,1,1
DIRAS2,CS7,1,1
CAPN6,CS6,1,1
COLQ,CS6,1,1
KIR3DL2,CS6,1,1
ZNF721,CS7,1,1
INSL6,CS6,1,1
SMCO1,CS6,1,1
CPLX4,CS7,1,1
METRN,CS6,1,1
RAET1E,CS7,1,1
CPLX3,CS7,1,1
CHST6,CS6,1,1
ADAM32,CS6,1,1
HBM,CS6,1,1
LRRC36,CS6,1,1
ZNF843,CS6,1,1
LRG1,CS6,1,1
P2RX5,CS6,1,1
FCRL5,CS6,1,1
THSD4,CS6,1,1
HACD1,CS6,1,1
CFAP47,CS7,1,1
SLC16A10,CS6,1,1
ENPEP,CS6,1,1
ABHD8,CS6,1,1
FMO5,CS6,1,1
TTLL9,CS6,1,1
STK32A,CS6,1,1
AMTN,CS6,1,1
ANO9,CS7,1,1
DNAAF1,CS6,1,1
ZNF836,CS6,1,1
CHRNB4,CS7,1,1
LRRTM3,CS6,1,1
OCM,CS7,1,1
ABCC8,CS6,1,1
POU6F2,CS6,1,1
SPTLC3,CS6,1,1
CDH26,CS6,1,1
ARMC2,CS6,1,1
ERMARD,CS6,1,1
SLURP1,CS6,1,1
ZNF652,CS6,1,1
LRRC66,CS6,1,1
ZNF14,CS7,1,1
HSBP1L1,CS7,1,1
FGF11,CS6,1,1
NDST3,CS7,1,1
ZNF287,CS6,1,1
EFHB,CS6,1,1
GIMAP7,CS7,1,1
TAS2R31,CS7,1,1
CDH20,CS6,1,1
SERPINA9,CS6,1,1
ADAM28,CS6,1,1
CLSTN2,CS6,1,1
MUC4,CS6,1,1
IQCD,CS6,1,1
NLGN4X,CS6,1,1
SLITRK2,CS7,1,1
SEL1L2,CS6,1,1
ADAM20,CS7,1,1
SPON2,CS7,1,1
TMEM200B,CS6,1,1
INSYN2B,CS7,1,1
PJVK,CS6,1,1
ZNF548,CS6,1,1
CHST13,CS6,1,1
LDAH,CS7,1,1
CCDC125,CS6,1,1
ZNF438,CS6,1,1
NHLRC4,CS6,1,1
SMIM1,CS6,1,1
DGAT2L6,CS7,1,1
ZNF497,CS6,1,1
CTXN3,CS6,1,1
ZIM3,CS7,1,1
FAM209A,CS6,1,1
GOLT1A,CS7,1,1
NPFFR2,CS6,1,1
ITIH6,CS7,1,1
C9orf152,CS7,1,1
ANKRD37,CS6,1,1
ODF3B,CS6,1,1
ZDHHC4,CS6,1,1
SLC35E4,CS6,1,1
TSPO2,CS6,1,1
CGREF1,CS7,1,1
MYADML2,CS6,1,1
LEMD1,CS6,1,1
TMEM262,CS6,1,1
CLDN22,CS6,1,1
FAM9C,CS6,1,1
BAIAP2L2,CS6,1,1
IFITM10,CS6,1,1
NKAIN4,CS6,1,1
LY6G6D,CS6,1,1
SPATA25,CS6,1,1
NPVF,CS6,1,1
PGLYRP2,CS6,1,1
SRL,CS6,1,1
TMEM236,CS7,1,1
RGL3,CS7,1,1
ZNF493,CS6,1,1
WFDC3,CS6,1,1
LRRN4,CS6,1,1
C20orf173,CS6,1,1
FAM163B,CS6,1,1
SLC2A6,CS6,1,1
C12orf60,CS7,1,1
RHBDL2,CS6,1,1
CA13,CS6,1,1
ZNF300,CS6,1,1
DEFB112,CS6,1,1
C5orf49,CS6,1,1
C9orf57,CS7,1,1
TDRP,CS8,1,1
SLC7A4,CS6,1,1
C10orf120,CS6,1,1
TDRD12,CS6,1,1
SI,CS6,1,1
LECT2,CS6,1,1
NDST4,CS6,1,1
DBX2,CS6,1,1
SERPINA11,CS7,1,1
KANSL1L,CS6,1,1
ZNF530,CS6,1,1
PDGFRL,CS6,1,1
ZNF43,CS6,1,1
MYCT1,CS6,1,1
CACNG8,CS7,1,1
KAZALD1,CS6,1,1
MC3R,CS7,1,1
SPTSSB,CS6,1,0
SKOR2,CS7,1,1
CATSPER2,CS7,1,1
IGFL1,CS8,1,1
KLHL31,CS6,1,1
TFF2,CS6,1,1
ATP8B4,CS7,1,1
KLRB1,CS6,1,1
SOHLH2,CS6,1,1
ARMS2,CS6,1,1
PCSK2,CS6,1,1
GPR160,CS6,1,1
GABRG1,CS6,1,1
BMPER,CS6,1,1
PRLH,CS6,1,1
C1QL3,CS7,1,1
CNGA2,CS6,1,1
VPREB3,CS7,1,1
CXCR6,CS6,1,1
ST8SIA2,CS6,1,1
RETNLB,CS6,1,1
KCNJ13,CS6,1,1
HOXA4,CS7,1,1
C2CD4B,CS6,1,1
FGF22,CS6,1,1
GGTLC2,CS0,0,1
GPX6,CS6,1,1
DEFB110,CS7,1,1
GPR4,CS7,1,1
REG3G,CS6,1,1
COL21A1,CS7,1,1
ABCC11,CS6,1,1
ACSM4,CS6,1,1
FABP12,CS6,1,1
CRISP3,CS6,1,1
HS3ST6,CS6,1,1
B3GALT5,CS7,1,1
QRFP,CS6,1,1
NPW,CS6,1,1
PTCHD1,CS6,1,1
RHCE,CS6,1,1
ARSH,CS6,1,1
COX7B2,CS7,1,1
TOGARAM2,CS6,1,1
STMND1,CS7,1,1
LRRC30,CS6,1,1
THSD1,CS7,1,1
RPA2,CS0,0,0
APP,CS6,1,1
ADRB1,CS6,1,1
ARVCF,CS7,1,1
CUX1,CS7,1,1
RPA1,CS0,0,0
RPA3,CS0,0,0
GABRG2,CS6,1,1
GRIK1,CS6,1,1
PRMT5,CS0,0,0
BYSL,CS0,0,0
NFKB1,CS6,1,1
COTL1,CS6,1,1
DHDDS,CS0,0,1
ATRNL1,CS6,1,1
CHAF1A,CS0,0,0
MAP1B,CS6,1,1
MCM7,CS0,0,0
NECTIN1,CS6,1,1
ETS1,CS7,1,1
ETS2,CS7,1,1
OPRD1,CS7,1,1
APOA1,CS6,1,1
PDE1A,CS6,1,1
PDPK1,CS0,0,1
THOC1,CS0,0,0
LMO2,CS6,1,0
RPS25,CS0,0,0
UPF2,CS0,0,0
SLC17A1,CS6,1,1
CLU,CS6,1,0
EPHB2,CS6,1,1
WWOX,CS7,1,1
MEFV,CS6,1,1
XPO1,CS0,0,0
SH3GL3,CS6,1,1
DMD,CS6,1,1
FMR1,CS6,1,0
MPDZ,CS6,1,1
KLC1,CS6,1,1
UPF1,CS0,0,0
MSC,CS6,1,1
TCF12,CS6,1,1
TCF4,CS6,1,1
NCBP2,CS0,0,0
MYO6,CS6,1,1
SNRPD1,CS0,0,0
SKP1,CS0,0,0
GRB10,CS6,1,1
PSMC5,CS0,0,0
MCM6,CS0,0,0
EXOSC6,CS0,0,0
PPP1R12A,CS0,0,1
IL16,CS7,1,1
NEDD4,CS6,1,1
COPS5,CS0,0,0
TOLLIP,CS7,1,0
IL1RAP,CS6,1,1
PPP1R8,CS0,0,1
MAPK11,CS6,1,1
PLXNB2,CS7,1,1
ITGAE,CS6,1,1
RASSF1,CS6,1,1
ZBTB32,CS6,1,1
PLCB1,CS6,1,1
SOX6,CS6,1,1
POLD2,CS0,0,0
NCOA2,CS6,1,0
TOPORS,CS7,1,1
THAP1,CS0,0,1
EXOSC7,CS0,0,0
KNSTRN,CS6,1,1
ING4,CS6,1,0
EVL,CS6,1,1
PRAME,CS6,1,1
NELFB,CS0,0,0
TMEM222,CS6,1,1
DNAJC1,CS6,1,1
LYN,CS6,1,0
VIM,CS6,1,0
ZNF446,CS6,1,1
KIAA0408,CS6,1,1
DCTN2,CS0,0,0
NTAQ1,CS6,1,0
NFIC,CS6,1,1
BEX3,CS7,1,1
DDIT4L,CS6,1,1
ACY1,CS6,1,1
PSMA1,CS0,0,0
KCTD13,CS6,1,1
ARMC7,CS0,0,1
ACCS,CS6,1,1
KATNAL1,CS6,1,1
MED28,CS0,0,0
ARIH2,CS7,1,0
DHX58,CS6,1,1
IFT20,CS6,1,1
DOK2,CS7,1,1
LPXN,CS6,1,1
SIRT3,CS6,1,0
PRPF3,CS0,0,0
HSPBP1,CS6,1,0
GABRD,CS6,1,1
SF1,CS0,0,0
RAB33A,CS6,1,1
NME7,CS6,1,1
NDC80,CS0,0,0
NR1H2,CS6,1,1
SLC1A1,CS6,1,1
HIF1A,CS9,1,1
RSRP1,CS6,1,1
WDR37,CS7,1,1
IQUB,CS7,1,1
CDKN2D,CS6,1,1
RBFOX2,CS6,1,1
CDK5R1,CS6,1,1
GNL3L,CS0,0,0
TREX2,CS6,1,1
AMOTL2,CS9,1,0
RBM7,CS6,1,0
CCDC42,CS6,1,1
WDR5,CS0,0,0
SORBS2,CS7,1,1
EIF5A2,CS6,1,1
DEUP1,CS6,1,1
TAB3,CS6,1,1
DDAH2,CS6,1,1
TMEM123,CS6,1,1
GNPDA1,CS6,1,1
EPB41L3,CS6,1,1
BATF,CS6,1,1
MTUS2,CS7,1,1
SEC13,CS0,0,0
NECTIN2,CS6,1,1
TSC22D3,CS7,1,1
BRCC3,CS6,1,1
ZNF440,CS6,1,1
ASPA,CS6,1,1
TSPAN3,CS7,1,1
HEY2,CS7,1,1
EIF1AD,CS0,0,0
PLSCR3,CS6,1,1
CARD9,CS6,1,1
ZNF473,CS6,1,1
MYD88,CS6,1,1
PBK,CS6,1,1
MTHFS,CS6,1,1
ACAP1,CS6,1,1
JAKMIP2,CS6,1,1
FAM71C,CS6,1,1
PRPF19,CS0,0,0
RFC4,CS0,0,0
RFC5,CS0,0,0
NXF1,CS0,0,0
TRAK2,CS6,1,1
ATP7B,CS6,1,1
SERPINE2,CS7,1,1
MYC,CS0,0,1
SPC24,CS0,0,0
SPC25,CS0,0,0
LUM,CS6,1,1
EPHA5,CS6,1,1
SF3A1,CS0,0,0
SNRNP200,CS0,0,0
EFTUD2,CS0,0,0
SF3B3,CS0,0,0
IKBKE,CS6,1,1
PSMD1,CS0,0,0
PSMD6,CS0,0,0
PSMD3,CS0,0,0
MAGEB2,CS7,1,1
CDKN2C,CS6,1,0
SLC27A4,CS6,1,0
CDC20,CS0,0,0
EIF3M,CS0,0,0
OSBPL3,CS6,1,1
EIF2D,CS6,1,1
CD40,CS6,1,1
TFE3,CS6,1,1
PHB2,CS0,0,0
CCAR2,CS6,1,0
TJP2,CS6,1,0
OSTF1,CS6,1,1
RPRM,CS6,1,1
EIF2B1,CS0,0,0
RGS10,CS6,1,1
NCAPG,CS0,0,0
PURA,CS6,1,1
MPG,CS6,1,0
TBPL1,CS6,1,1
KRT36,CS6,1,1
MKKS,CS6,1,1
GAS8,CS6,1,0
PLS3,CS7,1,1
GSN,CS6,1,1
FBL,CS0,0,0
RPL35A,CS0,0,0
SEC61A1,CS0,0,0
DGKE,CS6,1,1
NUDC,CS0,0,0
CAPZB,CS0,0,0
AURKA,CS0,0,0
E2F7,CS6,1,1
CPSF2,CS0,0,0
STYXL1,CS7,1,0
EIF2B5,CS0,0,0
YARS2,CS0,0,0
RPL35,CS0,0,0
KIAA0930,CS6,1,1
SMC1A,CS0,0,0
TSC2,CS9,1,1
CDO1,CS6,1,1
CNIH4,CS0,0,0
RPL37A,CS0,0,0
TSPAN7,CS6,1,1
EHD4,CS6,1,1
CSTB,CS6,1,1
SON,CS0,0,1
HYOU1,CS0,0,0
RPL4,CS0,0,0
TNF,CS6,1,1
SMAP1,CS6,1,1
SARS1,CS0,0,0
TP53BP1,CS9,1,0
ELK4,CS6,1,1
BUB3,CS0,0,1
CDK7,CS0,0,0
CHEK1,CS0,0,0
RBM39,CS0,0,0
FASLG,CS6,1,1
CSE1L,CS0,0,0
GATA4,CS6,1,1
CDK9,CS0,0,0
PEG3,CS7,1,1
DCC,CS6,1,1
ARHGAP21,CS6,1,0
ERRFI1,CS7,1,1
ISCU,CS0,0,1
RAE1,CS0,0,0
SASH1,CS6,1,1
DENND2B,CS6,1,1
CDC16,CS0,0,0
KIT,CS6,1,1
DCLRE1A,CS6,1,1
DEAF1,CS7,1,1
PELP1,CS0,0,0
MX1,CS6,1,1
RPL18,CS0,0,0
DOK6,CS6,1,1
CDCA8,CS0,0,0
AURKB,CS0,0,1
VASN,CS6,1,1
TAF1C,CS0,0,1
PRKCB,CS6,1,1
RPL11,CS0,0,0
TXLNB,CS6,1,1
MED8,CS0,0,0
POLR2E,CS0,0,0
NUP85,CS0,0,0
NUP133,CS0,0,0
NUP37,CS6,1,0
CABP1,CS6,1,1
KLK7,CS7,1,1
TLR2,CS6,1,1
XK,CS6,1,1
RPP30,CS0,0,0
RPP21,CS0,0,1
MYO5A,CS6,1,0
MYOCD,CS6,1,1
ULK2,CS6,1,1
CXCR2,CS6,1,1
UBD,CS7,1,1
RPSA,CS0,0,0
CALCRL,CS7,1,1
SMARCD3,CS6,1,1
TIMELESS,CS0,0,0
MBP,CS7,1,1
RRM2,CS0,0,1
KIF11,CS0,0,0
CEACAM1,CS6,1,1
SH3RF1,CS6,1,1
CLIC6,CS6,1,1
SYT9,CS6,1,1
IL4R,CS6,1,1
NIN,CS6,1,0
CLDN3,CS6,1,1
CLDN5,CS7,1,1
GPX1,CS6,1,1
EEF2,CS0,0,0
KCNQ2,CS6,1,1
SMAD1,CS6,1,1
VAMP7,CS7,1,1
PLK1,CS0,0,0
PEA15,CS6,1,0
NDFIP2,CS6,1,1
LPL,CS7,1,1
NMD3,CS0,0,1
PTPRZ1,CS6,1,1
SLC24A1,CS6,1,1
CALB1,CS6,1,1
FERMT2,CS0,0,1
SLC6A3,CS6,1,1
MAT2A,CS0,0,1
MPHOSPH10,CS0,0,0
VAPB,CS6,1,0
TBL1X,CS6,1,0
CLEC4M,CS6,1,1
RABGGTB,CS0,0,0
EFCAB6,CS6,1,1
SYTL3,CS6,1,1
WDR77,CS0,0,0
KLF13,CS7,1,1
TOP1,CS0,0,0
PLEKHO1,CS6,1,1
MSX1,CS6,1,1
ONECUT1,CS7,1,1
UBE2E2,CS6,1,1
DIAPH2,CS6,1,1
COQ6,CS6,1,0
ATP5MF,CS0,0,1
C7orf25,CS6,1,1
CAAP1,CS6,1,1
CARHSP1,CS7,1,1
CHN1,CS6,1,1
TMEM62,CS6,1,1
CTSE,CS6,1,1
TRDMT1,CS6,1,1
PJA1,CS6,1,1
PRAG1,CS7,1,1
DMTN,CS6,1,1
FAU,CS0,0,0
BORA,CS0,0,0
RNF130,CS6,1,1
RPL13A,CS0,0,0
WIPI1,CS6,1,1
KIAA0232,CS6,1,1
PMPCB,CS0,0,0
FAM131A,CS6,1,1
ABCB8,CS6,1,0
SLC27A6,CS6,1,1
PRSS23,CS6,1,1
CLDN12,CS6,1,1
PDPN,CS6,1,1
THAP8,CS6,1,1
USP13,CS6,1,1
USP22,CS8,1,1
CRIP1,CS6,1,1
GPR183,CS6,1,1
RPS3,CS0,0,0
SYN1,CS6,1,1
ROGDI,CS7,1,1
RPS21,CS0,0,0
COPE,CS0,0,0
NRTN,CS6,1,1
CAPN2,CS6,1,1
CD79B,CS6,1,0
ITGA2,CS6,1,1
NRF1,CS0,0,1
STK11IP,CS6,1,0
AGPS,CS6,1,1
COPS8,CS0,0,0
CD8A,CS6,1,1
RCC1,CS0,0,0
INHBA,CS6,1,1
RAB11FIP3,CS6,1,1
ARF5,CS6,1,0
PDCD2,CS0,0,0
GPC3,CS6,1,1
KLKB1,CS6,1,1
DNAJC3,CS6,1,0
PLCG2,CS7,1,1
SRP19,CS0,0,0
YKT6,CS0,0,0
APOL1,CS6,1,1
FBXL5,CS6,1,1
AREG,CS6,1,1
FCGRT,CS6,1,1
ADAM10,CS6,1,1
CCL3,CS6,1,1
NRP1,CS6,1,1
VEGFD,CS6,1,1
EIF5,CS0,0,0
OTC,CS6,1,1
PRF1,CS6,1,1
PTPN5,CS6,1,1
PCBP2,CS0,0,0
GDF15,CS6,1,1
PTHLH,CS6,1,1
NPPA,CS6,1,1
RNF144A,CS7,1,1
AVPR2,CS7,1,1
SOX18,CS7,1,1
MMP1,CS6,1,1
OTX2,CS6,1,1
TOB2,CS6,1,1
NMUR2,CS6,1,1
TLN2,CS6,1,1
ASGR2,CS7,1,1
ANGPT2,CS6,1,1
OSBP2,CS6,1,1
C5AR1,CS6,1,1
KCNAB2,CS6,1,1
CLYBL,CS6,1,1
DMC1,CS7,1,1
ADAM12,CS6,1,1
LAMA5,CS6,1,1
LAMA1,CS6,1,1
POLD3,CS0,0,1
EPHA7,CS6,1,1
SEMA6A,CS6,1,1
ZNF33A,CS7,1,1
GLRB,CS6,1,1
EEF2K,CS6,1,1
IFT172,CS6,1,1
IL22RA2,CS6,1,1
ARF4,CS0,0,0
ARHGEF4,CS6,1,1
ISL1,CS6,1,1
HNF1B,CS0,0,1
NR3C2,CS6,1,1
DYNC2LI1,CS6,1,1
KIR2DL3,CS6,1,1
ESRRB,CS6,1,1
KCNS3,CS6,1,1
PAG1,CS6,1,1
NMBR,CS6,1,1
PRIM1,CS0,0,0
TNFRSF6B,CS7,1,1
TIRAP,CS6,1,1
TNFRSF18,CS6,1,1
MADD,CS6,1,1
COL6A1,CS7,1,1
ZKSCAN8,CS6,1,1
FGF12,CS6,1,1
CST5,CS6,1,1
LTB,CS6,1,1
CDH4,CS6,1,1
CHST15,CS7,1,1
TWSG1,CS6,1,1
ACVRL1,CS6,1,1
FIZ1,CS7,1,1
EDA2R,CS6,1,1
KLK3,CS6,1,1
SLC7A7,CS6,1,1
SOX4,CS6,1,1
PTPRH,CS6,1,1
UPK1B,CS6,1,1
SYN3,CS6,1,1
CLDN4,CS6,1,1
BTBD1,CS6,1,1
PTPRO,CS6,1,1
TSHR,CS6,1,1
VNN2,CS6,1,1
P2RY1,CS6,1,1
NRCAM,CS6,1,1
SETBP1,CS6,1,1
FBXO5,CS0,0,0
CPN1,CS6,1,1
PYGB,CS7,1,1
TST,CS6,1,1
ABCE1,CS0,0,0
U2SURP,CS0,0,0
DHX15,CS0,0,0
MADCAM1,CS6,1,1
IL25,CS6,1,1
CDH7,CS7,1,1
DUSP5,CS6,1,1
EREG,CS6,1,1
ZNF398,CS6,1,1
REG3A,CS6,1,1
GABRA1,CS6,1,1
GABRA4,CS6,1,1
N4BP3,CS6,1,1
UPP1,CS6,1,1
SART1,CS0,0,0
GUCY1A2,CS7,1,1
CD93,CS6,1,1
DNAJC5,CS6,1,0
PLOD1,CS6,1,1
ZNF302,CS6,1,1
LRRFIP2,CS7,1,1
HERC6,CS6,1,1
ASB4,CS6,1,1
JADE2,CS6,1,1
PHF14,CS6,1,1
KDM5C,CS6,1,1
AMER1,CS6,1,1
USP49,CS6,1,1
COL11A2,CS6,1,1
USP29,CS7,1,1
GNAL,CS7,1,1
OTUB2,CS6,1,1
FOXK2,CS6,1,1
RPS12,CS0,0,0
SRPX,CS6,1,1
LONP1,CS0,0,1
ARHGEF10,CS6,1,1
AQR,CS0,0,0
SNRNP27,CS0,0,0
MTCL1,CS7,1,1
TTC28,CS6,1,1
GPN3,CS0,0,0
DDX47,CS0,0,0
TMX3,CS7,1,1
YTHDF1,CS6,1,0
SUPT20H,CS9,1,0
NOL6,CS0,0,0
POLR1B,CS0,0,0
TMEM203,CS7,1,1
SFXN4,CS6,1,1
SPATA2L,CS6,1,1
RPTN,CS6,1,1
TCEAL2,CS6,1,1
PABIR2,CS7,1,1
FBXO45,CS6,1,0
USP27X,CS6,1,1
TIMM17B,CS6,1,1
INTS1,CS0,0,0
INTS3,CS0,0,0
LRIG1,CS6,1,1
PPP3CC,CS6,1,1
ELSPBP1,CS6,1,1
ONECUT2,CS6,1,1
PRDM13,CS6,1,1
ZNRF2,CS6,1,1
NFX1,CS6,1,0
TRIM35,CS6,1,1
AGBL2,CS6,1,1
SPSB1,CS6,1,1
SHTN1,CS6,1,1
MYBPC1,CS6,1,1
BTG4,CS6,1,1
FARSB,CS0,0,0
AFF1,CS6,1,1
CIC,CS7,1,0
BICRAL,CS7,1,1
KIAA1549L,CS6,1,1
CCDC186,CS6,1,1
ZNF823,CS6,1,1
FMNL2,CS6,1,1
STK32C,CS7,1,1
DNAJC9,CS0,0,0
MED12L,CS6,1,1
SMOC2,CS6,1,1
HOXB13,CS6,1,1
PRICKLE3,CS6,1,1
PAPOLG,CS6,1,1
FUBP3,CS7,1,0
DACH2,CS6,1,1
ANKEF1,CS6,1,1
EGLN3,CS6,1,1
PI4K2B,CS6,1,0
ISY1,CS0,0,0
HECW2,CS6,1,1
ATF7IP2,CS6,1,1
AICDA,CS7,1,1
HIF3A,CS7,1,1
SLC2A4RG,CS7,1,1
INO80D,CS6,1,1
LPIN1,CS6,1,1
RPS8,CS0,0,0
USP26,CS6,1,1
ZNF592,CS6,1,1
ARHGAP20,CS6,1,1
PXK,CS6,1,1
LAMP2,CS8,1,1
TUBGCP5,CS0,0,0
SPRYD7,CS7,1,1
TRAFD1,CS6,1,0
FAT4,CS6,1,1
ZNF121,CS6,1,1
SERTAD4,CS6,1,1
RPL24,CS0,0,0
FASTKD2,CS6,1,0
CPSF3,CS0,0,0
PARP12,CS6,1,1
WNT16,CS6,1,1
LPAR4,CS7,1,1
CSMD1,CS6,1,1
UBAC2,CS6,1,0
ITGB1BP2,CS7,1,1
SCYL2,CS6,1,0
ALPI,CS6,1,1
DDAH1,CS6,1,1
SCAPER,CS6,1,1
AGTPBP1,CS6,1,1
YBEY,CS6,1,1
PRAP1,CS6,1,1
PALD1,CS6,1,1
ZNF775,CS6,1,1
ENTPD6,CS6,1,1
PDE1B,CS6,1,1
TBC1D14,CS6,1,1
INF2,CS6,1,1
REEP5,CS6,1,0
TMEM108,CS6,1,1
AGAP1,CS6,1,1
LRP5L,CS6,1,1
COL4A5,CS7,1,1
ENOPH1,CS7,1,1
ZNF266,CS6,1,1
CFAP298,CS0,0,1
IMPA2,CS6,1,1
EIF2AK1,CS7,1,1
LIMA1,CS6,1,0
GALR3,CS6,1,1
MAGEE1,CS6,1,1
FASTKD3,CS6,1,0
SLC23A2,CS6,1,1
SMR3B,CS0,0,1
STAC,CS6,1,1
ZADH2,CS6,1,1
CNEP1R1,CS6,1,1
ZFP42,CS6,1,1
HAUS3,CS0,0,0
DNHD1,CS7,1,1
PPP1R3G,CS6,1,1
FRMPD4,CS6,1,1
RPL19,CS0,0,0
HP1BP3,CS6,1,0
KIAA0319,CS6,1,1
KBTBD13,CS6,1,1
PIK3AP1,CS6,1,1
ZBTB46,CS6,1,1
IGIP,CS6,1,1
CEMIP2,CS6,1,0
SCML1,CS6,1,1
ZC2HC1A,CS6,1,1
GPAT3,CS6,1,1
BLCAP,CS6,1,1
CRYL1,CS6,1,1
ZNF280B,CS6,1,1
GPD1L,CS6,1,1
C3orf33,CS7,1,1
CHPT1,CS6,1,1
GALNT1,CS6,1,1
UBL3,CS6,1,1
ZNF561,CS6,1,1
ZNF543,CS7,1,1
WDFY1,CS7,1,1
MOSPD2,CS6,1,1
ZCCHC3,CS7,1,1
SUSD6,CS6,1,1
SPPL3,CS7,1,1
ACER3,CS7,1,1
SLC10A3,CS6,1,1
MBNL2,CS6,1,1
DCUN1D3,CS6,1,1
ZNF264,CS6,1,1
MGST3,CS6,1,1
LRP11,CS7,1,1
RPS15,CS0,0,0
NOL9,CS0,0,0
DDX51,CS0,0,0
PSMB9,CS6,1,0
SH3PXD2B,CS6,1,1
DPF3,CS6,1,1
GABRB1,CS7,1,1
MEI1,CS6,1,1
TMEM168,CS7,1,1
GSS,CS6,1,1
EPHX2,CS7,1,1
LRRC25,CS6,1,1
TMEM14C,CS6,1,1
KLHL7,CS7,1,1
HOOK3,CS6,1,1
CCDC39,CS6,1,1
NAALADL2,CS6,1,1
THADA,CS6,1,1
DCAF4L1,CS6,1,1
VWA7,CS6,1,1
SEMG1,CS6,1,1
IDH2,CS6,1,1
SLC7A9,CS6,1,1
DEFB127,CS7,1,1
FIGN,CS6,1,1
NOP16,CS0,0,0
DDX55,CS0,0,0
SPATA21,CS6,1,1
TRUB1,CS6,1,1
ARHGAP6,CS6,1,1
ARFGEF3,CS6,1,1
RAB39B,CS6,1,1
RGS7BP,CS6,1,1
METTL9,CS6,1,1
IGLL1,CS6,1,1
ZNF256,CS6,1,1
TMPRSS11A,CS6,1,1
KCNV1,CS6,1,1
KCNB2,CS6,1,1
ZNF488,CS6,1,1
LRP3,CS6,1,1
R3HDM1,CS6,1,1
ATP6V1D,CS0,0,1
CDH16,CS6,1,1
TRAPPC10,CS6,1,1
TUBAL3,CS7,1,1
GPR21,CS6,1,1
FAM111B,CS6,1,1
IL33,CS7,1,1
BUD31,CS0,0,0
C11orf52,CS6,1,1
MND1,CS6,1,1
DUS3L,CS6,1,1
OLFML2A,CS6,1,1
ECHDC1,CS6,1,1
IL15,CS6,1,1
ZRSR2,CS0,0,1
ZNF343,CS6,1,1
SOX7,CS6,1,1
IL26,CS6,1,1
IGSF10,CS6,1,1
FAAH2,CS6,1,1
SLC35B1,CS0,0,0
TBX22,CS6,1,1
C15orf39,CS6,1,1
CERK,CS6,1,1
SNX21,CS6,1,1
GRAMD4,CS6,1,1
NMNAT2,CS6,1,1
CAPSL,CS7,1,1
NUDT9,CS6,1,1
KCNE5,CS6,1,1
CIAO3,CS0,0,0
GNRH2,CS6,1,1
SPATA7,CS6,1,1
SLC17A5,CS6,1,1
PIGG,CS8,1,0
SPINK6,CS6,1,1
CNDP1,CS6,1,1
TMEM267,CS6,1,1
FXYD7,CS7,1,1
MAN2B1,CS6,1,1
THTPA,CS6,1,1
ZNF830,CS0,0,0
C12orf57,CS7,1,0
SEPHS2,CS0,0,1
FOLR1,CS6,1,1
FPGT,CS6,1,1
RANBP17,CS6,1,1
HDHD2,CS6,1,1
PCSK4,CS6,1,1
GPR50,CS6,1,1
VAMP5,CS7,1,1
SPATA18,CS6,1,1
ZNF585A,CS6,1,1
ACAD8,CS6,1,1
ISX,CS7,1,1
DMBX1,CS6,1,1
TMEM128,CS6,1,0
TULP3,CS6,1,1
IFITM3,CS0,0,0
ZCCHC24,CS6,1,1
HAO1,CS7,1,1
LTC4S,CS6,1,1
ALOX5AP,CS6,1,1
BAALC,CS6,1,1
ADD3,CS6,1,1
CD274,CS7,1,1
DCBLD1,CS6,1,1
MOCOS,CS6,1,1
CACNA1I,CS6,1,1
HPX,CS6,1,1
KLHL29,CS6,1,1
DLX6,CS6,1,1
CAMK1G,CS6,1,1
PREX2,CS6,1,1
ZSCAN4,CS6,1,1
ABCC3,CS6,1,1
PADI3,CS6,1,1
METTL22,CS7,1,1
C3AR1,CS6,1,1
SLIT3,CS7,1,1
CDX1,CS7,1,1
SIGLEC8,CS6,1,1
ATP8B1,CS6,1,1
C8orf74,CS7,1,1
STX19,CS6,1,1
KIF9,CS6,1,1
SLITRK4,CS6,1,1
LRRIQ3,CS6,1,1
PLEKHH2,CS6,1,1
PDLIM3,CS7,1,1
ARC,CS6,1,1
CLCN5,CS6,1,1
MFSD5,CS7,1,0
CENPW,CS0,0,1
ABHD5,CS6,1,1
PCTP,CS6,1,1
DOP1B,CS6,1,1
ELOVL6,CS6,1,1
CST9L,CS6,1,1
FGF18,CS6,1,1
PRRG4,CS6,1,0
NEUROD4,CS7,1,1
ZNF160,CS6,1,1
TMEM253,CS8,1,1
BTN3A3,CS6,1,1
SLC10A1,CS6,1,1
ADAMTSL2,CS6,1,1
CMTM4,CS6,1,1
ABHD6,CS6,1,1
LYRM4,CS0,0,1
ZNF177,CS7,1,1
B3GALT2,CS6,1,1
PGAP4,CS6,1,1
ZNF596,CS6,1,1
ZDHHC21,CS6,1,1
RSPO4,CS7,1,1
ACSS2,CS6,1,1
GLMP,CS6,1,1
PPP1R3F,CS6,1,1
NSG1,CS6,1,1
LCA5,CS6,1,1
SDR42E1,CS7,1,1
STON1,CS6,1,1
GHRL,CS6,1,1
ALPL,CS6,1,1
HEPH,CS6,1,1
TMEM131L,CS6,1,1
MAN2B2,CS6,1,0
TTC17,CS6,1,1
VWDE,CS7,1,1
CCDC85C,CS6,1,1
ZSWIM6,CS6,1,1
PABPC1L,CS6,1,1
GGT7,CS6,1,0
BMP3,CS6,1,1
FOXR2,CS6,1,1
LHX8,CS6,1,1
ZNF480,CS6,1,1
EFL1,CS0,0,1
PIH1D2,CS6,1,1
ASB5,CS6,1,1
ARMCX5,CS7,1,1
SENP5,CS6,1,1
SLC22A18,CS6,1,1
FSD2,CS6,1,1
SEC61G,CS0,0,1
MTMR1,CS6,1,1
GRPR,CS6,1,1
TDRD9,CS6,1,1
LRFN2,CS6,1,1
SLC30A6,CS6,1,0
ZNF704,CS6,1,1
OSGIN1,CS6,1,1
CCNJL,CS6,1,1
KRT40,CS6,1,1
NUDT2,CS6,1,1
GGPS1,CS0,0,0
CCM2L,CS6,1,1
ZNF18,CS6,1,1
HEMK1,CS7,1,1
ZNF124,CS6,1,1
UTP14C,CS6,1,1
ICA1L,CS7,1,1
TMEM106C,CS6,1,0
TBCEL,CS6,1,1
NAP1L3,CS6,1,1
KCTD14,CS6,1,1
DNAJC27,CS7,1,1
TNNC2,CS6,1,1
CTAG2,CS6,1,1
MS4A12,CS6,1,1
CNKSR3,CS6,1,1
CCDC103,CS6,1,1
ADGRG7,CS6,1,1
SHISA3,CS7,1,1
RIPPLY2,CS6,1,1
NDRG4,CS6,1,1
ZNF439,CS6,1,1
TMEM120B,CS6,1,1
C1orf189,CS6,1,1
UTP11,CS0,0,1
TMEM150A,CS6,1,1
PAQR5,CS6,1,1
NT5C1A,CS6,1,1
TMEM140,CS6,1,1
C1orf21,CS6,1,1
ACSS1,CS6,1,1
TMPRSS4,CS6,1,1
TMEM171,CS6,1,1
ZNF419,CS6,1,1
RPF1,CS0,0,1
ZNF260,CS6,1,1
SLC41A2,CS7,1,1
BBIP1,CS6,1,1
WLS,CS6,1,1
ETFDH,CS6,1,1
SLC35A4,CS7,1,1
SFMBT2,CS6,1,1
PDE2A,CS6,1,1
SMDT1,CS7,1,1
CPEB3,CS6,1,1
CEP128,CS7,1,1
TMTC1,CS6,1,1
CTHRC1,CS6,1,1
IL17RC,CS6,1,1
LRRC28,CS6,1,1
PKNOX2,CS6,1,1
MRS2,CS6,1,0
CCDC183,CS6,1,1
TMEM219,CS6,1,1
MFSD8,CS6,1,0
KLK11,CS7,1,1
METTL6,CS6,1,1
C20orf96,CS7,1,1
FKRP,CS7,1,1
PLEKHH3,CS6,1,1
CTRL,CS6,1,1
ARSK,CS6,1,0
NRSN2,CS6,1,1
ALG11,CS0,0,1
RAB40AL,CS6,1,1
GSG1,CS6,1,1
SERPINB7,CS6,1,1
FCF1,CS0,0,0
CEACAM21,CS6,1,1
ANKRD29,CS6,1,1
DTWD2,CS6,1,1
CYRIA,CS7,1,1
PRSS22,CS6,1,1
C1QTNF3,CS7,1,1
GPC6,CS6,1,1
ODF3L1,CS6,1,1
ZNF93,CS7,1,1
PLPPR1,CS6,1,1
TLCD2,CS6,1,1
SUCNR1,CS6,1,1
IFFO2,CS7,1,1
NICN1,CS7,1,1
ABHD17B,CS6,1,1
TPST2,CS6,1,1
HSD17B2,CS7,1,1
ZNF621,CS6,1,1
C4orf3,CS6,1,1
DACT2,CS7,1,1
RIMKLA,CS6,1,1
SCN2B,CS6,1,1
CCRL2,CS6,1,1
TEX33,CS6,1,1
EPPIN,CS6,1,1
FAM71D,CS7,1,1
PLCH1,CS7,1,1
NLRP9,CS6,1,1
UPB1,CS6,1,1
TBC1D26,CS6,1,1
CPED1,CS6,1,1
BEX4,CS6,1,1
LY6E,CS6,1,1
DOK7,CS6,1,1
TM4SF19,CS6,1,1
TRDN,CS6,1,1
CYP46A1,CS7,1,1
RTL4,CS7,1,1
SLC17A6,CS6,1,1
FAM189A1,CS6,1,1
CC2D2A,CS6,1,1
ZNF607,CS6,1,1
KHNYN,CS6,1,1
CYP24A1,CS6,1,1
ARX,CS6,1,1
GANC,CS6,1,1
FGD4,CS6,1,1
GLOD5,CS6,1,1
ADCY2,CS7,1,1
CCDC105,CS6,1,1
ZCWPW1,CS6,1,1
IL17RD,CS6,1,1
ZNF182,CS7,1,1
ZNF117,CS6,1,1
FNIP2,CS6,1,1
ASPG,CS6,1,1
FGF17,CS6,1,1
MMP26,CS6,1,1
IFI27,CS6,1,1
CES4A,CS6,1,1
PPEF2,CS6,1,1
C17orf64,CS7,1,1
NAA11,CS6,1,1
CACNB2,CS7,1,1
MAGEB10,CS6,1,1
GBP7,CS6,1,1
BBS12,CS6,1,1
ZNF669,CS6,1,1
FZD10,CS6,1,1
ZNF816,CS6,1,1
APCDD1,CS6,1,1
CLEC2D,CS7,1,1
HRC,CS6,1,1
SLC15A1,CS6,1,1
SEMA7A,CS6,1,1
INSYN2A,CS6,1,1
ACBD7,CS6,1,1
MGAT4C,CS6,1,1
PIANP,CS6,1,1
PCDHAC2,CS6,1,1
NAALAD2,CS6,1,1
CFAP46,CS6,1,1
PRG3,CS6,1,1
CDHR5,CS6,1,1
LRRC3,CS6,1,1
ZNF805,CS6,1,1
MORN5,CS6,1,1
LRRN1,CS7,1,1
EPHA6,CS6,1,1
SBSPON,CS6,1,1
FAM89A,CS6,1,1
C15orf61,CS7,1,1
PTH2,CS6,1,1
CLBA1,CS6,1,1
ZNF549,CS6,1,1
FGF20,CS7,1,1
KRT27,CS6,1,1
CEACAM19,CS6,1,1
SMIM13,CS6,1,1
ZNF713,CS6,1,1
TMEM60,CS7,1,0
UBQLNL,CS6,1,1
ZDHHC15,CS6,1,1
ZNF25,CS7,1,1
TRPM2,CS6,1,1
TAFA5,CS6,1,1
PLEKHG4B,CS6,1,1
SCUBE2,CS6,1,1
PPEF1,CS8,1,1
HAS2,CS6,1,1
NKD1,CS6,1,1
TIMD4,CS6,1,1
FTHL17,CS6,1,1
LMAN1L,CS7,1,1
ERICH6B,CS6,1,1
NEUROD6,CS6,1,1
PWWP3B,CS7,1,1
ADRA1A,CS7,1,1
FAM227B,CS6,1,1
EBLN1,CS6,1,1
C8orf86,CS7,1,1
PCDHA5,CS6,1,1
ABHD16B,CS6,1,1
SYNE3,CS6,1,1
KCNJ16,CS6,1,1
JPH2,CS6,1,1
SLITRK6,CS6,1,1
PCDHGB7,CS6,1,1
FHDC1,CS7,1,1
GABRQ,CS6,1,1
GPR157,CS6,1,1
PRDM11,CS6,1,1
GRM8,CS6,1,1
SLC6A1,CS6,1,1
DAOA,CS6,1,1
LDLRAD2,CS6,1,1
STARD5,CS7,1,1
XCR1,CS6,1,1
MS4A4A,CS6,1,1
SLC6A19,CS6,1,1
EDDM3A,CS6,1,1
GREM2,CS6,1,1
C7orf57,CS7,1,1
TPRG1,CS6,1,1
PSORS1C2,CS6,1,1
MLN,CS6,1,1
SLC7A14,CS6,1,1
GRXCR1,CS6,1,1
SPDYE4,CS6,1,1
MSGN1,CS6,1,1
HELT,CS6,1,1
APCDD1L,CS6,1,1
AADAC,CS7,1,1
LHFPL2,CS6,1,1
NOX3,CS6,1,1
CXorf66,CS6,1,1
ZNF441,CS6,1,1
POU4F3,CS6,1,1
OTOP3,CS6,1,1
RTP4,CS6,1,1
BHLHA9,CS6,1,1
HIGD1C,CS6,1,1
STARD4,CS6,1,1
TPSG1,CS6,1,1
WFDC12,CS6,1,1
SPINK9,CS6,1,1
CCDC152,CS6,1,1
TMEM71,CS6,1,1
FAM47E,CS6,1,1
BANF2,CS6,1,1
PRSS53,CS6,1,1
TM4SF5,CS6,1,1
ZNF726,CS6,1,1
PRR32,CS6,1,1
GALR1,CS7,1,1
CALHM6,CS7,1,1
PRND,CS6,1,1
SCN4B,CS6,1,1
ACTL9,CS6,1,1
PLCXD3,CS7,1,1
PCDHGA9,CS6,1,1
C15orf65,CS6,1,1
FAM229B,CS6,1,1
DNAH12,CS6,1,1
ADAMTS16,CS7,1,1
CAPN12,CS6,1,1
ARMC3,CS6,1,1
LEKR1,CS6,1,1
SMIM15,CS7,1,1
DCDC1,CS6,1,1
TTC16,CS6,1,1
SPATA31E1,CS6,1,1
PPP1R36,CS6,1,1
TMPRSS11F,CS7,1,1
HTR5A,CS6,1,1
NPSR1,CS6,1,1
ARHGEF10L,CS6,1,1
CXCL17,CS6,1,1
GADL1,CS6,1,1
KCNK10,CS6,1,1
CLEC9A,CS6,1,1
ATP13A4,CS6,1,1
TMEM225,CS6,1,1
HTR3B,CS6,1,1
SPP2,CS6,1,1
TBXT,CS6,1,1
FAT2,CS6,1,1
EGR3,CS7,1,1
RARRES1,CS6,1,1
SHCBP1L,CS6,1,1
CCL19,CS6,1,1
RXFP2,CS6,1,1
ASIP,CS6,1,1
CAPZA3,CS7,1,1
SCUBE1,CS7,1,1
CYP11B2,CS6,1,1
SLCO1A2,CS6,1,1
ADAMDEC1,CS7,1,1
LILRA2,CS7,1,1
TAS2R4,CS6,1,1
NLRP8,CS6,1,1
ASIC5,CS6,1,1
METTL4,CS7,1,1
PRRX2,CS6,1,1
SH2D7,CS6,1,1
UNCX,CS7,1,1
RNF175,CS6,1,1
ADAD1,CS6,1,1
OXGR1,CS6,1,1
ACTRT2,CS6,1,1
TAS2R40,CS6,1,1
TAS2R43,CS6,1,1
TAS2R20,CS6,1,1
ACSM2A,CS6,1,1
ASMT,CS6,1,1
PCDHGB6,CS6,1,1
RSPH4A,CS6,1,1
ADAMTS19,CS6,1,1
UGT2A1,CS6,1,1
GCNT4,CS6,1,1
IDNK,CS6,1,1
CYTL1,CS6,1,1
GPR83,CS7,1,1
MCHR2,CS7,1,1
REC114,CS6,1,1
TAAR5,CS6,1,1
XG,CS6,1,1
TSPEAR,CS6,1,1
ACP4,CS6,1,1
MAMDC4,CS6,1,1
MEGF9,CS6,1,1
ADGRF4,CS6,1,1
RGS9BP,CS6,1,1
PABPN1L,CS7,1,1
INSL4,CS6,1,1
ACVR1,CS6,1,1
PML,CS6,1,0
CAPN3,CS6,1,1
ATF2,CS6,1,0
LSM3,CS0,0,0
EXOSC4,CS0,0,0
ITGB1,CS6,1,1
PSMA3,CS0,0,0
ZDHHC17,CS6,1,1
YBX1,CS0,0,0
MC4R,CS6,1,1
NPY1R,CS6,1,1
NOP2,CS0,0,0
WIPF1,CS6,1,1
GPRASP1,CS6,1,1
PGD,CS0,0,0
PKD2,CS6,1,1
PTPRB,CS7,1,1
WWC1,CS6,1,1
KRIT1,CS6,1,1
RBL2,CS6,1,0
RPLP1,CS0,0,0
RPLP2,CS0,0,0
ANK1,CS6,1,1
STX1A,CS6,1,0
CEBPZ,CS0,0,0
TNFRSF1A,CS6,1,1
BMX,CS7,1,1
UBQLN2,CS6,1,1
WAS,CS6,1,1
WBP11,CS0,0,0
TSC1,CS9,1,1
RPGR,CS6,1,1
RAN,CS0,0,0
AIRE,CS6,1,1
DSC3,CS6,1,1
IARS1,CS0,0,0
BBS4,CS7,1,1
PSMB5,CS0,0,0
CDKN1C,CS6,1,1
COPG1,CS0,0,0
SNRPD2,CS0,0,0
RGS7,CS6,1,1
CUL5,CS8,1,0
RBM8A,CS0,0,0
ASIC3,CS6,1,1
LHX2,CS7,1,1
PRMT1,CS0,0,0
SRSF7,CS0,0,0
TRADD,CS6,1,1
CARD19,CS6,1,1
GPN1,CS0,0,0
GSK3B,CS6,1,1
RAB27A,CS7,1,1
TNIP1,CS6,1,0
STK16,CS6,1,1
PACSIN2,CS7,1,1
KCNJ1,CS6,1,1
XRN2,CS0,0,0
ABI3BP,CS6,1,1
OSTM1,CS6,1,1
ORC6,CS0,0,1
AP4E1,CS6,1,1
N4BP1,CS6,1,1
MAP1S,CS6,1,1
CCT5,CS0,0,0
NPLOC4,CS0,0,0
KCNG2,CS6,1,1
GNB5,CS6,1,1
MTREX,CS0,0,0
NEBL,CS6,1,1
VPS28,CS0,0,0
POLR2G,CS0,0,0
PRTFDC1,CS7,1,1
CINP,CS0,0,0
ZDHHC3,CS6,1,1
HNRNPK,CS0,0,0
LZTS2,CS6,1,0
NINL,CS6,1,1
FHIT,CS6,1,1
POLI,CS7,1,1
KRT20,CS6,1,1
SPG7,CS6,1,1
SDCBP2,CS6,1,1
PDE9A,CS6,1,1
CCDC7,CS6,1,1
PTPN9,CS6,1,0
EMD,CS6,1,0
FATE1,CS6,1,1
USP2,CS7,1,1
BEND7,CS6,1,1
COX7A2L,CS6,1,0
TFF1,CS6,1,1
SDSL,CS6,1,1
ZNF263,CS6,1,1
DUT,CS0,0,0
MTMR9,CS6,1,1
MED4,CS0,0,0
STAMBPL1,CS6,1,0
KARS1,CS0,0,0
RNPS1,CS0,0,0
C16orf74,CS6,1,1
RCN3,CS6,1,1
MTCP1,CS7,1,1
HACL1,CS6,1,1
GABARAPL1,CS6,1,0
DCTN5,CS0,0,0
ACTL6A,CS0,0,0
MRI1,CS6,1,1
DBNDD2,CS7,1,1
SIRT6,CS6,1,1
NAA10,CS0,0,0
EIF4A3,CS0,0,0
ZNF707,CS6,1,1
ZFHX3,CS6,1,1
INTS11,CS0,0,0
DOCK10,CS7,1,1
CD99,CS7,1,1
SEC24D,CS6,1,0
CLEC1B,CS7,1,1
TKTL2,CS7,1,1
KASH5,CS6,1,1
ILF2,CS0,0,0
SNAPC5,CS0,0,0
MAGEA12,CS6,1,1
SF3A3,CS0,0,0
NAPA,CS0,0,0
RPL23,CS0,0,0
TRIM2,CS6,1,1
TRIM69,CS6,1,1
MID1IP1,CS6,1,1
FHL5,CS6,1,1
KLF12,CS6,1,1
NTNG2,CS6,1,1
SP100,CS6,1,1
TRPV5,CS6,1,1
ITPKB,CS6,1,1
INVS,CS6,1,1
ZSCAN9,CS6,1,1
C8orf48,CS7,1,1
OGT,CS0,0,0
NXT2,CS6,1,1
GYG2,CS6,1,1
BIK,CS7,1,1
POLR2C,CS0,0,0
SDC2,CS6,1,0
PMAIP1,CS6,1,1
POLB,CS7,1,1
SF3B1,CS0,0,0
PCBP1,CS0,0,0
SART3,CS0,0,0
PRPF8,CS0,0,0
KIF5B,CS6,1,0
ROCK2,CS7,1,1
PSMD12,CS0,0,0
TLE3,CS6,1,1
HSPA4L,CS6,1,1
MORF4L2,CS6,1,1
VCP,CS0,0,0
NFKBIL1,CS6,1,1
NRDE2,CS0,0,1
PHLDA3,CS6,1,1
UBE2M,CS0,0,0
PSMD7,CS0,0,0
RAB11FIP1,CS7,1,1
SH3BP4,CS6,1,1
ARPC1B,CS6,1,0
NUP93,CS0,0,0
EIF3I,CS0,0,0
MYH10,CS6,1,1
RPS19,CS0,0,0
TTC27,CS0,0,1
SMC3,CS0,0,0
WDR33,CS0,0,0
PLEKHB2,CS6,1,1
NTHL1,CS6,1,1
CALML5,CS6,1,1
EIF2S3,CS0,0,0
GTF2A2,CS0,0,1
QRICH2,CS6,1,1
RRP12,CS0,0,0
HSPE1,CS0,0,0
FADS1,CS6,1,1
CTSA,CS6,1,0
PLOD2,CS6,1,1
HRNR,CS7,1,1
PES1,CS0,0,0
HTR1B,CS6,1,1
SERPINB3,CS7,1,1
LOXHD1,CS7,1,1
STOM,CS6,1,0
ARPC3,CS0,0,0
ATP2A2,CS0,0,1
RPL36,CS0,0,0
SNRK,CS6,1,1
PSMA2,CS0,0,0
KLHDC2,CS7,1,0
NUP160,CS0,0,0
TNPO3,CS0,0,0
BCKDHA,CS6,1,1
SERPINB4,CS7,1,1
OBI1,CS6,1,0
PARVB,CS6,1,1
RPL37,CS0,0,0
SRSF2,CS0,0,0
ERH,CS0,0,0
LARS1,CS0,0,0
DDX41,CS0,0,0
PSMA6,CS0,0,0
PDIA6,CS6,1,0
SND1,CS6,1,1
SMYD3,CS6,1,1
RPL30,CS0,0,0
ACAT1,CS7,1,1
SDAD1,CS0,0,0
TOP3A,CS0,0,0
ATR,CS0,0,1
MSH3,CS6,1,1
TUBG1,CS0,0,0
CDK1,CS0,0,0
TNFRSF10B,CS7,1,1
HNRNPU,CS0,0,0
LSR,CS6,1,1
SIPA1L3,CS8,1,1
WEE1,CS0,0,1
BMPR1B,CS6,1,1
ANAPC10,CS0,0,1
ANAPC11,CS0,0,0
CTDP1,CS0,0,0
GRIP1,CS6,1,1
NUB1,CS7,1,1
PRPF31,CS0,0,0
ANKRD28,CS6,1,1
CACNA1E,CS7,1,1
RSF1,CS6,1,1
POLR1A,CS0,0,0
MED20,CS0,0,0
MED11,CS0,0,1
MED22,CS0,0,0
POLR2D,CS0,0,0
SMC4,CS0,0,0
SEH1L,CS0,0,0
ANKRD2,CS6,1,1
CLP1,CS0,0,0
NLRC4,CS6,1,1
CASP1,CS6,1,1
RPP14,CS0,0,0
CASP2,CS7,1,1
OPRK1,CS6,1,1
ALYREF,CS0,0,0
SCNN1G,CS6,1,1
CD4,CS6,1,1
DDB1,CS0,0,0
ADD1,CS6,1,0
FEZ2,CS6,1,1
HMGCR,CS0,0,1
MAPK7,CS6,1,0
GLRX2,CS6,1,1
GATA1,CS6,1,1
SERPINA3,CS6,1,1
CBX7,CS6,1,1
NPAS2,CS6,1,1
LMAN1,CS7,1,0
PYGO1,CS6,1,1
RFC2,CS0,0,0
RFC3,CS0,0,0
SNX2,CS7,1,0
RPH3AL,CS7,1,1
PAN3,CS6,1,1
UTS2B,CS6,1,1
KCNH2,CS6,1,1
LHCGR,CS6,1,1
KSR2,CS6,1,1
GCC2,CS6,1,1
XBP1,CS6,1,1
JAM3,CS7,1,1
APOE,CS6,1,0
DPYSL2,CS7,1,1
HCN4,CS6,1,1
SH2D1A,CS7,1,1
PPP1R12B,CS7,1,1
RUNX1,CS6,1,1
TBCD,CS0,0,1
LRPAP1,CS7,1,0
KIRREL1,CS7,1,1
GRIN2B,CS6,1,1
CDT1,CS0,0,1
STX3,CS6,1,1
MYLIP,CS6,1,0
SPOCK3,CS6,1,1
GAP43,CS7,1,1
PAFAH1B1,CS0,0,1
CXCL9,CS6,1,1
KIN,CS0,0,0
KCNJ3,CS6,1,1
PBX1,CS6,1,1
SMG5,CS0,0,0
HGF,CS6,1,1
NACA,CS0,0,0
MAT2B,CS6,1,0
PARP9,CS6,1,1
DTX1,CS6,1,1
ADRA1B,CS6,1,1
NFIX,CS6,1,1
PHKA2,CS6,1,1
PKMYT1,CS0,0,1
DEK,CS6,1,0
HDAC11,CS6,1,0
KAT6B,CS6,1,1
PIR,CS7,1,1
POLR3C,CS0,0,0
MXD1,CS6,1,1
STAT2,CS6,1,1
RBM14,CS0,0,0
IRF2,CS6,1,0
H2BC5,CS0,0,0
CCT2,CS0,0,0
RPS6KA5,CS6,1,1
IFNAR1,CS8,1,1
TLX1,CS6,1,1
PTN,CS6,1,1
ARL15,CS6,1,1
BMERB1,CS7,1,1
POLA2,CS0,0,0
WIPI2,CS6,1,0
FXYD3,CS6,1,1
AAGAB,CS6,1,1
FXYD6,CS6,1,1
OFD1,CS7,1,0
WFS1,CS7,1,1
KCTD15,CS6,1,1
ATP6V0C,CS0,0,0
PAPSS1,CS6,1,1
RGMA,CS6,1,1
PRG2,CS6,1,1
PWP2,CS0,0,1
RPL15,CS0,0,0
RPS6KA6,CS6,1,1
TRAPPC4,CS0,0,0
CCSER2,CS6,1,1
CORO2B,CS6,1,1
ALB,CS6,1,1
UBR1,CS6,1,1
ASAH1,CS6,1,1
ZPR1,CS0,0,1
PRPF38A,CS0,0,0
SERPINB9,CS6,1,1
TSSC4,CS6,1,0
RETREG2,CS6,1,0
PSG9,CS6,1,1
TIMP1,CS6,1,1
TG,CS6,1,1
CD28,CS6,1,1
PTPRD,CS6,1,1
PDGFB,CS6,1,1
WNT4,CS6,1,1
AGFG1,CS6,1,1
PGF,CS6,1,1
CX3CR1,CS6,1,1
CFP,CS6,1,1
CSRP3,CS6,1,1
KDM6A,CS7,1,1
ARCN1,CS0,0,0
F11,CS6,1,1
STX17,CS6,1,0
KPNB1,CS0,0,0
MUSK,CS6,1,1
MMP2,CS6,1,1
CNR1,CS6,1,1
LY86,CS6,1,1
SH3BP5,CS7,1,1
GAST,CS7,1,1
MEP1B,CS6,1,1
GRHL1,CS6,1,1
ADAM9,CS6,1,1
ICAM1,CS6,1,1
IL5RA,CS6,1,1
FLT4,CS6,1,1
SLA,CS6,1,1
TNFAIP6,CS6,1,1
KCNJ5,CS7,1,1
GM2A,CS6,1,0
SMO,CS6,1,1
MMP3,CS6,1,1
PIGA,CS6,1,1
TPD52,CS7,1,1
ARHGAP35,CS9,1,1
TNFRSF21,CS6,1,1
TRIM31,CS6,1,1
F13A1,CS6,1,1
MME,CS6,1,1
BEX1,CS6,1,1
HOXB1,CS6,1,1
AKT3,CS7,1,1
BACH1,CS6,1,1
SLC22A1,CS6,1,1
NFYC,CS0,0,0
KCNJ8,CS7,1,1
RLBP1,CS6,1,1
KITLG,CS6,1,1
ADAM19,CS6,1,1
MIA,CS6,1,1
SH3GLB1,CS6,1,1
FMOD,CS7,1,1
NCR1,CS6,1,1
TSN,CS6,1,1
USP10,CS0,0,0
TMEM132A,CS6,1,1
GAB3,CS7,1,1
RRP1B,CS6,1,0
GPR26,CS6,1,1
STON2,CS7,1,1
IFNG,CS7,1,1
CNGB1,CS6,1,1
KLRD1,CS6,1,1
FMNL3,CS6,1,1
ABCB7,CS0,0,0
MUC7,CS6,1,1
SEC24B,CS6,1,0
IL17B,CS6,1,1
MYOG,CS6,1,1
ADORA2B,CS7,1,1
MASP2,CS6,1,1
TAL2,CS6,1,1
FGF13,CS6,1,1
ALOX12,CS6,1,1
RIT2,CS7,1,1
CCT8,CS0,0,0
EPHA8,CS6,1,1
WT1,CS6,1,1
CCL8,CS7,1,1
CSRP2,CS6,1,1
PTPRN,CS6,1,1
OSMR,CS7,1,1
CLIC5,CS6,1,1
MCF2,CS7,1,1
CLCN3,CS7,1,1
TYROBP,CS6,1,1
DAD1,CS0,0,1
MAPKAPK3,CS6,1,1
MERTK,CS6,1,1
C8A,CS6,1,1
FGF10,CS6,1,1
BCL11B,CS6,1,1
TRIM7,CS6,1,1
PIK3R5,CS6,1,1
ATG7,CS6,1,1
SHKBP1,CS6,1,1
FCN3,CS6,1,1
LIMK2,CS6,1,1
RUFY1,CS6,1,0
FOXF2,CS6,1,1
ICOS,CS6,1,1
MGP,CS7,1,1
STATH,CS7,1,1
CPLX1,CS6,1,1
RCAN2,CS6,1,1
POLR3H,CS0,0,0
ESS2,CS0,0,0
THY1,CS6,1,1
SERPINB1,CS6,1,1
BTF3,CS0,0,0
GPC4,CS6,1,1
MAML3,CS6,1,1
IGSF1,CS6,1,1
GP6,CS7,1,1
DNAJB4,CS6,1,1
MC1R,CS6,1,1
ZFPM2,CS6,1,1
HAUS7,CS0,0,1
DOCK9,CS6,1,1
OTUD7B,CS6,1,1
ADGRL2,CS6,1,1
CASP14,CS6,1,1
FCAR,CS7,1,1
DECR1,CS6,1,1
TMCC2,CS6,1,1
NDFIP1,CS6,1,1
SHD,CS6,1,1
TRAM1,CS6,1,1
LAMP1,CS6,1,0
SPRY3,CS6,1,1
TBC1D7,CS6,1,1
FOXP3,CS7,1,1
OSR1,CS7,1,1
UBASH3A,CS6,1,1
CETN1,CS6,1,1
FARSA,CS0,0,0
GPX4,CS0,0,1
USP28,CS9,1,0
SUPT6H,CS0,0,0
ATE1,CS6,1,1
SUPT16H,CS0,0,0
NEPRO,CS0,0,0
SSU72,CS0,0,1
SEC61A2,CS6,1,1
LANCL2,CS7,1,0
KLHL9,CS6,1,1
USP48,CS6,1,1
GPRASP2,CS7,1,1
HAUS1,CS0,0,0
LRR1,CS0,0,0
UBXN2A,CS7,1,1
POLR1F,CS0,0,0
PSMB2,CS0,0,0
ANKRD44,CS6,1,1
MAGED2,CS7,1,1
YRDC,CS0,0,0
HELLS,CS6,1,1
PCBP3,CS6,1,1
CDKL5,CS6,1,1
PSD3,CS6,1,1
FAN1,CS6,1,0
SBF2,CS6,1,1
PRICKLE1,CS6,1,1
TSHZ1,CS7,1,1
TSHZ3,CS7,1,1
DCAF13,CS6,1,0
DCAF16,CS6,1,1
PITX2,CS6,1,1
SPCS2,CS0,0,0
CCDC50,CS6,1,1
RNF165,CS6,1,1
RNF122,CS6,1,1
IRF2BPL,CS7,1,1
RNF113A,CS0,0,1
RNF170,CS7,1,1
TRAPPC11,CS0,0,0
LONRF1,CS7,1,0
TRIM15,CS6,1,1
FBXO31,CS6,1,1
ASB2,CS6,1,1
ETFA,CS6,1,1
RMC1,CS6,1,0
STBD1,CS6,1,0
TECPR2,CS6,1,1
TAOK1,CS8,1,1
SESN1,CS6,1,1
TPX2,CS0,0,0
USP31,CS6,1,1
ADGRL1,CS6,1,1
COBL,CS6,1,1
HPS4,CS7,1,1
CCDC97,CS7,1,1
SERTAD2,CS6,1,1
EVC2,CS6,1,1
MRTO4,CS0,0,0
PRDM4,CS6,1,1
FOXA3,CS6,1,1
LDB2,CS6,1,1
LMX1B,CS6,1,1
RHOXF1,CS6,1,1
HDX,CS6,1,1
FBXO6,CS6,1,1
SCOC,CS6,1,1
DNAJB5,CS6,1,1
VIRMA,CS0,0,0
CENPE,CS0,0,1
KDM4D,CS7,1,1
CENPV,CS7,1,1
AASS,CS6,1,1
CYLC2,CS6,1,1
MFGE8,CS7,1,1
KCNN4,CS6,1,1
UBTD2,CS6,1,1
DDX18,CS0,0,0
RPS20,CS0,0,0
CCDC134,CS7,1,1
ACOT8,CS7,1,0
IER5,CS6,1,1
ZBTB21,CS6,1,1
RPS23,CS0,0,0
POF1B,CS6,1,1
KRT73,CS6,1,1
SERPINB12,CS6,1,1
ACOT9,CS6,1,1
BRSK1,CS6,1,1
POU2F3,CS6,1,1
BST2,CS6,1,1
HMGN3,CS6,1,1
ARHGAP22,CS6,1,1
BRWD3,CS6,1,1
TNNI2,CS8,1,1
EBP,CS6,1,0
AMHR2,CS6,1,1
ATXN3L,CS8,1,1
LATS2,CS6,1,1
PPIL2,CS0,0,0
TIAM2,CS6,1,1
MIS18A,CS0,0,0
COLEC12,CS7,1,1
TMUB1,CS6,1,1
PLIN2,CS6,1,1
TCEAL8,CS7,1,1
PLXDC2,CS6,1,1
HAUS6,CS0,0,0
NFXL1,CS6,1,1
CRIP2,CS6,1,1
KLHL5,CS7,1,1
NACAD,CS6,1,1
RDH11,CS6,1,1
ABHD4,CS6,1,1
WFIKKN1,CS6,1,1
RIPOR1,CS7,1,1
ZC3H15,CS6,1,0
ODF2,CS7,1,0
PLP1,CS6,1,1
NEIL2,CS6,1,0
PRRG1,CS6,1,1
ZNF649,CS6,1,1
RFT1,CS0,0,0
SRPK3,CS6,1,1
CP,CS6,1,1
MAOA,CS7,1,1
TET2,CS6,1,1
AMH,CS6,1,1
HINT1,CS6,1,1
SPINT3,CS6,1,1
SPOCK1,CS6,1,1
SRD5A1,CS6,1,1
PSMG3,CS0,0,0
SMIM12,CS6,1,1
TSPAN13,CS6,1,1
CCNY,CS6,1,1
TMEM268,CS6,1,1
INPP4B,CS6,1,1
CIPC,CS6,1,1
TCIM,CS7,1,1
PRRC1,CS7,1,1
TASOR,CS6,1,1
MIR1915HG,CS6,1,1
LDLRAD3,CS6,1,1
MTAP,CS6,1,0
R3HDM2,CS6,1,0
KIAA0895,CS6,1,1
SLC9A6,CS7,1,1
C1QL1,CS6,1,1
TMEM207,CS7,1,1
PSME3IP1,CS6,1,1
LIMCH1,CS6,1,1
SFXN3,CS6,1,1
ELOVL5,CS6,1,0
SPIN4,CS6,1,1
MEX3C,CS6,1,1
GAS2L3,CS6,1,1
ZNF623,CS6,1,1
GK5,CS6,1,1
WDR55,CS0,0,1
ZNF362,CS6,1,1
C5orf51,CS6,1,1
PLCXD1,CS6,1,1
ANKRD46,CS6,1,1
AHCTF1,CS0,0,0
UTP15,CS0,0,0
RRP1,CS0,0,1
SNX30,CS6,1,1
ACSF3,CS7,1,1
GABRA3,CS8,1,1
CD38,CS6,1,1
ZFP1,CS6,1,1
FAM120C,CS6,1,1
LAPTM4B,CS6,1,1
LRRC4,CS6,1,1
WDFY3,CS6,1,1
ARPP21,CS6,1,1
PCP4,CS6,1,1
SULT4A1,CS6,1,1
CPPED1,CS6,1,1
ARHGAP4,CS6,1,1
THYN1,CS6,1,1
KLHL36,CS7,1,1
KLHL26,CS6,1,1
MLLT11,CS6,1,1
BUD23,CS0,0,0
RBM22,CS0,0,0
TXNDC5,CS7,1,0
TUBB6,CS7,1,0
FAM184A,CS6,1,1
MCCC1,CS6,1,1
ZNF846,CS7,1,1
EGFLAM,CS6,1,1
ZRANB3,CS6,1,1
CYP2S1,CS6,1,1
CCDC146,CS6,1,1
DCHS2,CS6,1,1
TMC1,CS6,1,1
BROX,CS7,1,1
SDK1,CS7,1,1
WNT8A,CS7,1,1
RAB36,CS7,1,1
RAB39A,CS6,1,1
MPP4,CS6,1,1
HTR6,CS6,1,1
KCNG1,CS6,1,1
KCNE4,CS6,1,1
ANKS3,CS6,1,1
RGS9,CS6,1,1
GRIK4,CS6,1,1
CDYL2,CS7,1,1
KANK2,CS6,1,1
KCMF1,CS0,0,1
SEMG2,CS7,1,1
KRT38,CS7,1,1
KRT37,CS6,1,1
ACKR3,CS6,1,1
DDX60,CS7,1,1
ODF3L2,CS7,1,1
ATP6V1B2,CS0,0,0
LRRC8D,CS6,1,1
CPLX2,CS6,1,1
KCNK5,CS7,1,1
HIC2,CS7,1,1
CDCA7,CS6,1,1
ANKS4B,CS6,1,1
GPN2,CS0,0,1
PPP1R17,CS7,1,1
VWA5A,CS7,1,1
C11orf45,CS6,1,1
TERB2,CS6,1,1
FAM47B,CS6,1,1
SPAG6,CS6,1,1
RSPH3,CS6,1,1
C1orf112,CS6,1,1
TMEM175,CS6,1,1
TMEM35A,CS7,1,1
TCP11L2,CS6,1,1
TBC1D21,CS7,1,1
HPGD,CS7,1,1
ARFGAP3,CS6,1,0
FSIP1,CS6,1,1
MYL1,CS6,1,1
IFNA8,CS6,1,1
LSMEM1,CS6,1,1
CLEC2B,CS7,1,1
SPRR4,CS6,1,1
ACTR10,CS0,0,0
RBM19,CS0,0,0
CYSTM1,CS6,1,1
HMGCS1,CS0,0,1
PANK4,CS6,1,1
CTSC,CS8,1,1
PGRMC2,CS6,1,0
CDC123,CS0,0,1
YIF1B,CS6,1,1
SCAI,CS6,1,1
AHNAK2,CS6,1,1
THEM6,CS6,1,1
RADX,CS6,1,1
SELENOV,CS6,1,1
R3HDM4,CS6,1,1
ZNF716,CS6,1,1
OTOG,CS6,1,1
CLN8,CS7,1,1
APOC4,CS6,1,1
KCNK17,CS6,1,1
H2AP,CS7,1,1
IGSF5,CS7,1,1
CAMTA1,CS6,1,1
FHOD3,CS6,1,1
EID2B,CS6,1,1
HBE1,CS7,1,1
ALPK1,CS6,1,1
DMRTA1,CS6,1,1
MAP3K9,CS6,1,1
SPATS2L,CS7,1,1
GUK1,CS0,0,1
RAB3C,CS6,1,1
BOLL,CS6,1,1
DZIP1,CS6,1,1
PDE3A,CS6,1,1
ZNF587B,CS6,1,1
RANBP6,CS6,1,1
CCDC127,CS6,1,1
UGT1A1,CS6,1,1
APLN,CS6,1,1
IL9,CS6,1,1
GPT,CS6,1,1
MPZL3,CS6,1,1
KLK6,CS6,1,1
LMF1,CS6,1,1
ARHGAP36,CS7,1,1
IMPG1,CS6,1,1
ZNF189,CS6,1,1
SCIMP,CS6,1,1
FZD8,CS6,1,1
MDM1,CS6,1,1
GPR119,CS6,1,1
PRRG2,CS6,1,1
SOAT2,CS6,1,1
IL21,CS6,1,1
SLC39A1,CS6,1,1
PACRGL,CS8,1,1
B3GALNT1,CS6,1,1
ZNF677,CS7,1,1
TMEM37,CS7,1,1
FCAMR,CS7,1,1
CYP39A1,CS6,1,1
CAPN10,CS6,1,1
ENTPD4,CS6,1,1
HYAL3,CS6,1,1
LEFTY2,CS6,1,1
AMY2A,CS6,1,1
GP2,CS6,1,1
PLLP,CS6,1,1
LYRM1,CS6,1,1
G0S2,CS6,1,1
RPUSD1,CS6,1,1
SDR16C5,CS6,1,1
EDN3,CS7,1,1
GNPTG,CS6,1,1
CYBC1,CS6,1,1
LONRF3,CS6,1,1
ZFP14,CS8,1,1
POGLUT3,CS6,1,0
UGT8,CS6,1,1
NEK4,CS6,1,1
FAM83B,CS6,1,1
LSM14B,CS6,1,0
CCDC172,CS6,1,1
PLPBP,CS6,1,0
EXO5,CS6,1,1
ZMAT5,CS0,0,1
ASB11,CS7,1,1
DSCAM,CS6,1,1
NXPE4,CS6,1,1
LSG1,CS0,0,0
FAM9B,CS6,1,1
TTC23L,CS6,1,1
MZT1,CS0,0,0
MMP27,CS6,1,1
TANC1,CS6,1,1
SOX1,CS6,1,1
HILPDA,CS6,1,1
WDR27,CS6,1,1
BFSP2,CS6,1,1
SLC16A9,CS6,1,1
EMP1,CS6,1,1
C9orf116,CS6,1,1
TTLL10,CS7,1,1
GALNT3,CS6,1,1
ZNF774,CS6,1,1
PGBD1,CS6,1,1
MAB21L1,CS6,1,1
SPATA8,CS6,1,1
TTC39B,CS7,1,1
SNTG2,CS7,1,1
PHOSPHO2,CS7,1,1
ZNF614,CS7,1,1
SMCO3,CS7,1,1
ZNF772,CS6,1,1
CYB561A3,CS6,1,1
TMEM31,CS6,1,1
FERD3L,CS6,1,1
TARS3,CS6,1,1
GSTO2,CS6,1,1
ZNF544,CS6,1,1
KLK4,CS6,1,1
C4orf33,CS6,1,1
CT55,CS7,1,1
CACFD1,CS7,1,1
ZNF555,CS7,1,1
CD99L2,CS7,1,1
ZNF471,CS6,1,1
ZNF449,CS6,1,1
FAM81B,CS6,1,1
SYNDIG1,CS7,1,1
ARL14EP,CS6,1,1
ZSCAN29,CS6,1,1
YDJC,CS6,1,1
TMEM164,CS6,1,1
SLC66A1,CS6,1,1
PTF1A,CS6,1,1
PHOX2B,CS7,1,1
TOX,CS6,1,1
ZNF624,CS7,1,1
C20orf141,CS6,1,1
KCNF1,CS6,1,1
PLEKHG3,CS6,1,1
USH2A,CS7,1,1
DENND6A,CS7,1,0
SLC12A7,CS6,1,1
SEC11C,CS7,1,0
DHTKD1,CS6,1,1
TRMT44,CS7,1,1
FAM210B,CS7,1,0
SLC38A9,CS6,1,1
GALNT11,CS6,1,1
LRP10,CS8,1,1
ASPHD2,CS6,1,1
UGT3A1,CS6,1,1
SLC2A8,CS6,1,1
INTU,CS6,1,1
LMBR1,CS6,1,0
P3H2,CS6,1,1
CD1B,CS6,1,1
SGCB,CS6,1,0
CLEC12A,CS6,1,1
BVES,CS6,1,1
TMX4,CS6,1,1
RWDD2A,CS6,1,1
DHDH,CS7,1,1
ABHD18,CS6,1,1
EFCAB7,CS6,1,1
TASL,CS6,1,1
LACC1,CS6,1,1
CALHM4,CS7,1,1
IFT52,CS6,1,1
MUC15,CS6,1,1
DNAJC17,CS0,0,0
SIDT2,CS6,1,0
SLC25A14,CS6,1,1
TRMT9B,CS6,1,1
SLITRK5,CS6,1,1
CERS5,CS6,1,1
DPY19L1,CS6,1,1
POMK,CS6,1,1
ST8SIA1,CS6,1,1
CHI3L1,CS6,1,1
TMEM106B,CS6,1,1
C4orf48,CS6,1,1
SYT10,CS7,1,1
ARSG,CS7,1,1
CHRNB3,CS6,1,1
GPR173,CS6,1,1
TTLL1,CS6,1,1
ITGB8,CS6,1,1
PNPLA1,CS6,1,1
NXPH4,CS7,1,1
ZNF582,CS7,1,1
ALKBH2,CS6,1,0
SMIM43,CS6,1,1
CHAT,CS6,1,1
CLVS2,CS6,1,1
DMGDH,CS7,1,1
CEP41,CS6,1,1
NLRP14,CS6,1,1
NCAM2,CS7,1,1
ABHD14B,CS6,1,1
ASIC2,CS6,1,1
MAGEC3,CS7,1,1
RBP7,CS6,1,1
WNT10A,CS6,1,1
GLRA4,CS7,1,1
MFSD10,CS6,1,1
TOX3,CS6,1,1
RELL1,CS6,1,1
ABCG2,CS6,1,1
ABCA7,CS6,1,1
DMAC2L,CS7,1,1
LBHD1,CS6,1,1
ZNF766,CS6,1,1
ZNF845,CS6,1,1
RS1,CS6,1,1
FOXI2,CS7,1,1
IAH1,CS6,1,1
KLRC3,CS6,1,1
ZNF467,CS6,1,1
CHCHD10,CS6,1,1
OXER1,CS6,1,1
ZCCHC18,CS7,1,1
GRM4,CS6,1,1
C2CD4C,CS7,1,1
NIPAL4,CS7,1,1
AK6,CS0,0,1
BMT2,CS6,1,1
STEAP1B,CS6,1,1
SOWAHA,CS6,1,1
CES2,CS6,1,1
GJB7,CS6,1,1
VSIG1,CS6,1,1
GPR156,CS6,1,1
SCN3B,CS6,1,1
PRTG,CS7,1,1
TEX45,CS6,1,1
C5AR2,CS6,1,1
HTRA4,CS6,1,1
BTNL3,CS6,1,1
ZSWIM2,CS6,1,1
CHRDL1,CS6,1,1
SNPH,CS6,1,1
SPINK4,CS6,1,1
ARMCX4,CS8,1,1
LILRB4,CS7,1,1
ADAMTSL1,CS6,1,1
KCNT2,CS6,1,1
SPATA19,CS6,1,1
SMPX,CS6,1,1
CYP19A1,CS6,1,1
SMOX,CS6,1,1
MAB21L4,CS6,1,1
WFDC10A,CS6,1,1
SLC24A5,CS6,1,1
ARL13A,CS6,1,1
ZNF433,CS6,1,1
FUT10,CS6,1,1
GNRHR,CS6,1,1
SLC36A3,CS6,1,1
C5orf46,CS6,1,1
POPDC3,CS6,1,1
ANKRD30B,CS6,1,1
TTYH1,CS6,1,1
ZNF432,CS6,1,1
PARPBP,CS6,1,1
CHADL,CS6,1,1
CMTM8,CS6,1,1
ATPSCKMT,CS6,1,1
SHISAL1,CS7,1,1
MDGA2,CS6,1,1
SERINC5,CS7,1,1
SLCO5A1,CS6,1,1
ZNF354B,CS6,1,1
FAM184B,CS7,1,1
CMTM7,CS7,1,1
VSTM1,CS7,1,1
TECTA,CS7,1,1
SLC2A11,CS6,1,1
KCNH8,CS6,1,1
TMPRSS6,CS6,1,1
IL17REL,CS7,1,1
FAM135A,CS6,1,1
ZNF12,CS6,1,1
C2orf72,CS7,1,1
SPO11,CS6,1,1
LRRC70,CS7,1,1
COL28A1,CS6,1,1
VWC2,CS6,1,1
ZNF727,CS6,1,1
CCDC73,CS6,1,1
RNASE12,CS7,1,1
PCDHGB3,CS6,1,1
PCDHB12,CS6,1,1
SLC28A3,CS6,1,1
GAL3ST2,CS6,1,1
TMEM200C,CS7,1,1
RNF112,CS7,1,1
SLC13A4,CS6,1,1
GREM1,CS6,1,1
CMC4,CS6,1,1
CALY,CS6,1,1
SAGE1,CS6,1,1
ZXDA,CS6,1,1
MFSD6,CS6,1,1
ZCCHC4,CS6,1,1
FCRLA,CS6,1,1
SEZ6L,CS7,1,1
CSRNP3,CS6,1,1
CHRM5,CS6,1,1
SCN10A,CS6,1,1
KBTBD11,CS7,1,1
TMPRSS11D,CS6,1,1
SLC13A1,CS6,1,1
ZNF575,CS6,1,1
GUCA2B,CS6,1,1
TBX18,CS6,1,1
TMEM154,CS6,1,1
PANX2,CS7,1,1
ZNF710,CS6,1,1
SHOX,CS7,1,1
ZNF660,CS6,1,1
HAS3,CS6,1,1
BTNL9,CS6,1,1
TSPAN8,CS6,1,1
MS4A14,CS6,1,1
CLRN1,CS6,1,1
CLEC2A,CS6,1,1
ANKK1,CS7,1,1
SLC14A1,CS6,1,1
TMEM47,CS6,1,1
TAS2R8,CS6,1,1
CLEC4C,CS6,1,1
OPN1SW,CS6,1,1
ZSWIM3,CS6,1,1
SDS,CS6,1,1
LCN9,CS6,1,1
ENTHD1,CS6,1,1
CLDN23,CS6,1,1
TAGAP,CS7,1,1
DNASE1L3,CS6,1,1
FDCSP,CS6,1,1
GPR148,CS6,1,1
PTCHD3,CS7,1,1
NOTUM,CS6,1,1
CLPSL2,CS6,1,1
IL13,CS6,1,1
DEFB126,CS6,1,1
SMKR1,CS6,1,1
PLCL1,CS6,1,1
CC2D2B,CS7,1,1
PLEKHG7,CS6,1,1
ZIK1,CS6,1,1
TRIM77,CS6,1,1
SLC4A11,CS6,1,1
ZNF385D,CS6,1,1
HTR4,CS6,1,1
SMIM24,CS7,1,1
SLC47A2,CS6,1,1
CCDC175,CS6,1,1
AGBL1,CS6,1,1
CYP11B1,CS6,1,1
ELFN1,CS6,1,1
BDKRB1,CS7,1,1
CCR6,CS6,1,1
SLC8A2,CS6,1,1
PLPP7,CS6,1,1
WDR72,CS7,1,1
ITGBL1,CS6,1,1
C19orf71,CS6,1,1
GHSR,CS6,1,1
F2RL2,CS6,1,1
IL19,CS6,1,1
SEMA3E,CS6,1,1
HMX2,CS6,1,1
LRRC74A,CS6,1,1
CYP26A1,CS6,1,1
UGT2B17,CS6,1,1
ALKAL2,CS6,1,1
MESP1,CS6,1,1
WNT8B,CS6,1,1
IFNK,CS6,1,1
UCN3,CS7,1,1
POU3F4,CS6,1,1
GABRG3,CS7,1,1
MRGPRX2,CS7,1,1
NEURL2,CS6,1,1
PDILT,CS6,1,1
ZNF709,CS7,1,1
SEMA5A,CS7,1,1
TAS2R16,CS7,1,1
OLFML1,CS6,1,1
TMEM158,CS7,1,1
DGKB,CS7,1,1
CLCNKB,CS6,1,1
CEACAM4,CS6,1,1
TAS2R1,CS7,1,1
CST8,CS6,1,1
DYTN,CS6,1,1
GSX1,CS7,1,1
GPX5,CS6,1,1
TAS2R9,CS6,1,1
BRS3,CS6,1,1
PRSS54,CS6,1,1
SIGLEC15,CS6,1,1
HCAR2,CS6,1,1
PRSS57,CS6,1,1
KLK12,CS6,1,1
TAS2R42,CS7,1,1
LRTM2,CS6,1,1
CRISPLD1,CS6,1,1
HRH2,CS6,1,1
HCAR3,CS6,1,1
ZNF347,CS6,1,1
ACTL10,CS6,1,1
ZNF570,CS6,1,1
SOWAHD,CS6,1,1
LRRC19,CS6,1,1
ATP13A5,CS6,1,1
ZNF519,CS6,1,1
ZNF540,CS6,1,1
GPR176,CS6,1,1
KCNK6,CS6,1,1
EQTN,CS6,1,1
ADGRG2,CS7,1,1
ZNF75D,CS6,1,1
GLP2R,CS6,1,1
AWAT2,CS7,1,1
SLC24A4,CS6,1,1
HMX1,CS6,1,1
ADGRG4,CS6,1,1
CCDC177,CS6,1,1
UMODL1,CS6,1,1
LAMP5,CS7,1,1
COX8C,CS6,1,1
ARFIP1,CS6,1,1
NARS1,CS0,0,0
CDKN1A,CS9,1,0
TSG101,CS0,0,0
ORC1,CS0,0,0
MCM3,CS0,0,0
CDC42,CS0,0,0
DOCK8,CS6,1,1
ZBTB16,CS6,1,1
PCNA,CS0,0,0
TOPBP1,CS0,0,0
EEF1A1,CS0,0,0
ECD,CS0,0,0
HSPA5,CS0,0,0
GRIK2,CS6,1,1
UBE2I,CS0,0,0
DDX20,CS0,0,0
YWHAQ,CS6,1,0
BCR,CS7,1,1
LEF1,CS6,1,1
ANP32A,CS6,1,1
LSM7,CS0,0,0
SNCA,CS7,1,1
FLT1,CS6,1,1
LSM8,CS0,0,0
RGL2,CS6,1,1
NRIP1,CS8,1,1
APBB1,CS6,1,0
TNFAIP3,CS6,1,1
TP53,CS9,1,0
PSMD2,CS0,0,0
TRO,CS7,1,1
CASK,CS6,1,1
DLG3,CS7,1,0
SH3KBP1,CS7,1,1
RPGRIP1,CS6,1,1
INSM1,CS6,1,1
SORBS1,CS6,1,1
LBR,CS6,1,0
BCL2L1,CS0,0,1
BAX,CS6,1,1
BCL2A1,CS6,1,1
DAB2,CS6,1,0
DLG2,CS7,1,1
HNF4A,CS6,1,1
IL6ST,CS6,1,1
GARS1,CS0,0,0
PMF1,CS0,0,0
COPB1,CS0,0,0
LSM6,CS0,0,0
CDC6,CS0,0,0
PTK2B,CS7,1,1
CLNS1A,CS0,0,0
ATXN7,CS7,1,1
RND3,CS6,1,1
SAP18,CS0,0,0
TLR3,CS6,1,1
RIPK1,CS6,1,1
EIF3G,CS0,0,0
ANAPC5,CS0,0,0
IPO13,CS0,0,1
THUMPD3,CS6,1,0
ECT2,CS0,0,0
HEBP2,CS6,1,1
KCNB1,CS6,1,1
DIO2,CS6,1,1
MCM4,CS0,0,0
ARHGAP18,CS6,1,1
POLR1C,CS0,0,0
TCP10L,CS6,1,1
ZHX3,CS6,1,1
MYPN,CS6,1,1
PRPF6,CS0,0,0
BNIP3L,CS7,1,1
EWSR1,CS0,0,0
MOAP1,CS6,1,1
RWDD2B,CS6,1,1
ZBED1,CS6,1,1
PDCD10,CS9,1,1
SAT1,CS7,1,0
C20orf27,CS6,1,1
MVK,CS0,0,1
TIFA,CS6,1,1
ZBTB43,CS6,1,1
CCDC33,CS6,1,1
DNMT3L,CS6,1,1
CNNM3,CS6,1,1
BRME1,CS7,1,1
SLC25A6,CS6,1,0
C1orf94,CS7,1,1
ABLIM1,CS6,1,1
SPP1,CS6,1,0
ELOA2,CS7,1,1
COPS4,CS0,0,0
PACSIN1,CS6,1,1
RFX3,CS6,1,1
KHDRBS2,CS6,1,1
BEND5,CS6,1,1
AKIRIN2,CS0,0,1
MAGEA4,CS7,1,1
NOC4L,CS0,0,0
HOOK2,CS6,1,1
EFEMP2,CS6,1,0
TRAPPC3,CS0,0,0
ABI2,CS6,1,1
NLE1,CS0,0,0
MNS1,CS6,1,1
PLSCR4,CS6,1,1
C10orf62,CS6,1,1
PPFIBP2,CS6,1,1
SGTB,CS6,1,1
FTSJ3,CS0,0,0
TRIM27,CS6,1,1
H2BC15,CS0,0,0
KRR1,CS0,0,0
PSMC6,CS0,0,0
SNX20,CS7,1,1
VSIR,CS7,1,1
BEX2,CS6,1,1
IFIT3,CS6,1,1
ZNF670,CS6,1,1
THAP10,CS6,1,1
IRF3,CS6,1,1
ASB9,CS7,1,1
BABAM1,CS7,1,0
C5orf22,CS6,1,0
GMDS,CS6,1,1
ISG15,CS6,1,1
CKB,CS6,1,0
FZD7,CS6,1,1
FASTK,CS6,1,1
CDC23,CS0,0,0
IMP3,CS0,0,0
DYNC1I1,CS6,1,1
MAPRE3,CS6,1,1
GSTZ1,CS6,1,1
BBS2,CS6,1,1
ACTN4,CS6,1,1
CCT3,CS0,0,0
CBFA2T2,CS6,1,1
SAMD3,CS6,1,1
NIP7,CS0,0,0
TBL3,CS0,0,0
RRS1,CS0,0,0
PITPNC1,CS6,1,1
CHMP4B,CS0,0,0
HMG20B,CS6,1,1
RUVBL2,CS0,0,0
SIGLEC5,CS7,1,1
CNST,CS7,1,1
FIP1L1,CS0,0,0
EIF3F,CS0,0,0
IPO11,CS0,0,1
ZFP64,CS6,1,1
LEPROTL1,CS7,1,1
KLRG1,CS7,1,1
GMPPB,CS0,0,1
SELENOI,CS6,1,1
TDRD7,CS7,1,1
KIF6,CS6,1,1
SYT4,CS6,1,1
YIPF4,CS6,1,0
PSMC1,CS0,0,0
SAP30BP,CS0,0,0
ACP1,CS7,1,0
KCNMB1,CS7,1,1
MAGEB4,CS6,1,1
SMCP,CS7,1,1
NUP62CL,CS7,1,1
TTR,CS6,1,1
ALDH1A1,CS6,1,1
MXI1,CS7,1,1
CDKN2B,CS7,1,1
FRYL,CS6,1,1
SERPINE1,CS6,1,1
SPART,CS6,1,0
NUTF2,CS0,0,0
HDAC6,CS6,1,0
CACNA1F,CS6,1,1
PRPF4,CS0,0,0
RPL3,CS0,0,0
SMYD2,CS6,1,1
DYNC1H1,CS0,0,0
IRGQ,CS6,1,1
DDX56,CS0,0,0
PPP1CB,CS0,0,0
RAD51,CS0,0,0
RRBP1,CS6,1,0
CLEC3B,CS6,1,1
PSMD14,CS0,0,0
VRK3,CS6,1,0
CDC37,CS0,0,0
C2CD5,CS6,1,1
PGRMC1,CS6,1,0
FABP4,CS6,1,1
ATG4B,CS6,1,1
TMEM33,CS6,1,0
NUP205,CS0,0,0
TTBK2,CS7,1,1
CASP4,CS6,1,1
BRIX1,CS0,0,0
TARS1,CS0,0,0
RPS16,CS0,0,0
EBLN2,CS6,1,1
SUMO3,CS7,1,1
FBLN1,CS6,1,1
GTPBP4,CS0,0,1
EDEM1,CS6,1,0
RPL18A,CS0,0,0
MMS22L,CS0,0,1
KCNIP4,CS6,1,1
RNF167,CS6,1,1
SNAI1,CS7,1,1
PSMB3,CS0,0,0
SNRPF,CS0,0,0
TBC1D4,CS7,1,1
SRSF11,CS0,0,1
HDLBP,CS6,1,1
SLC39A7,CS0,0,0
BIN3,CS7,1,1
HNRNPUL1,CS7,1,1
PSMA7,CS0,0,0
RPL38,CS0,0,0
GAPDHS,CS6,1,1
ITFG2,CS6,1,1
CDK15,CS6,1,1
HAS1,CS6,1,1
GDI1,CS7,1,1
SNRPA1,CS0,0,0
SRP14,CS0,0,0
PFDN6,CS0,0,0
RHPN2,CS6,1,1
ERCC3,CS0,0,0
CHEK2,CS9,1,1
MDM2,CS0,0,0
CCND1,CS0,0,1
FYN,CS6,1,1
LCK,CS6,1,0
SAV1,CS6,1,0
SIPA1L1,CS6,1,1
SYNJ2,CS6,1,1
TNS4,CS6,1,1
RAD51C,CS0,0,1
PTEN,CS9,1,1
ANAPC4,CS0,0,0
FKBP1B,CS7,1,1
TCP1,CS0,0,0
PPIG,CS6,1,0
FNBP1L,CS7,1,1
TERF1,CS0,0,0
MED6,CS0,0,0
MED30,CS0,0,0
POLR2B,CS0,0,0
MAFB,CS6,1,1
RPP25,CS7,1,1
RPP40,CS0,0,0
TICAM1,CS6,1,1
SCFD1,CS0,0,0
ADGRA2,CS7,1,1
RAB11FIP2,CS6,1,1
NUP214,CS0,0,0
CD247,CS6,1,1
FBXO38,CS6,1,1
PPARGC1A,CS6,1,1
RAMP3,CS6,1,1
JAKMIP1,CS6,1,1
ATF3,CS6,1,1
ING1,CS7,1,1
ZNF423,CS8,1,1
CKAP5,CS0,0,0
UBE2B,CS6,1,0
UTS2R,CS6,1,1
APBB2,CS6,1,1
ZBTB33,CS6,1,0
TCF23,CS7,1,1
ARHGEF18,CS6,1,1
ACKR1,CS6,1,1
ROBO4,CS6,1,1
IGF2R,CS6,1,1
PPP2R2C,CS6,1,1
VLDLR,CS6,1,1
RYR2,CS6,1,1
CD72,CS6,1,1
NHLH1,CS7,1,1
LY6G6F,CS6,1,1
TP53INP1,CS6,1,1
SYNJ1,CS6,1,1
UBL5,CS0,0,0
SAP30,CS6,1,1
CXCR3,CS6,1,1
CARD6,CS6,1,1
ERAS,CS7,1,1
MCM8,CS6,1,0
GHR,CS7,1,1
TOP2A,CS0,0,1
DSG3,CS6,1,1
NKIRAS1,CS6,1,1
SBF1,CS6,1,1
TRRAP,CS0,0,1
SNAPC4,CS0,0,1
OIP5,CS0,0,1
SYTL5,CS6,1,1
BRF1,CS0,0,1
MIER1,CS6,1,1
TWIST1,CS7,1,1
MGMT,CS6,1,1
LRRFIP1,CS6,1,1
ABCF3,CS6,1,1
FRA10AC1,CS6,1,1
C11orf1,CS7,1,1
AK5,CS6,1,1
CELSR1,CS7,1,1
CIDEA,CS6,1,1
DDX49,CS0,0,0
F10,CS6,1,1
MCUB,CS7,1,1
CCDC92,CS6,1,0
KATNBL1,CS7,1,1
GC,CS6,1,1
GLUD2,CS6,1,1
NSG2,CS7,1,1
ILVBL,CS6,1,1
ABCF1,CS0,0,0
GPR108,CS6,1,1
MPC1,CS8,1,1
PAM16,CS0,0,1
WARS1,CS0,0,0
RPS2,CS0,0,0
SNU13,CS0,0,0
NVL,CS0,0,0
PHYHIP,CS6,1,1
METTL18,CS7,1,0
IDO1,CS6,1,1
DISP3,CS6,1,1
SGSM2,CS6,1,1
AFP,CS6,1,1
PDCD11,CS0,0,0
COPA,CS0,0,0
LAMC1,CS7,1,1
SUMF2,CS6,1,1
LAPTM4A,CS6,1,0
CRELD1,CS6,1,0
ATP6V1F,CS0,0,0
PLGRKT,CS7,1,1
CDH10,CS6,1,1
CHN2,CS6,1,1
PNP,CS6,1,1
GIPC2,CS6,1,1
TMPRSS3,CS6,1,1
EEF1B2,CS0,0,0
GFRA1,CS6,1,1
SRP9,CS0,0,0
PDGFA,CS6,1,1
PRKCQ,CS6,1,1
CDH8,CS7,1,1
COPS7B,CS6,1,0
APBA3,CS7,1,1
HMGB2,CS6,1,0
PPP1R14A,CS6,1,1
ERF,CS6,1,1
RAB11FIP5,CS6,1,1
CSTF1,CS0,0,0
CFI,CS6,1,1
SF3B6,CS0,0,0
COL2A1,CS6,1,1
ETV1,CS6,1,1
VWF,CS6,1,1
CTCF,CS0,0,0
TNKS2,CS6,1,1
IFNA2,CS6,1,1
TPBG,CS6,1,1
BGN,CS6,1,1
GTF2F2,CS0,0,0
PSMB4,CS0,0,0
IL10RA,CS6,1,1
EIF1AX,CS0,0,1
GGH,CS6,1,1
F12,CS6,1,1
SH3BP2,CS6,1,1
KCNV2,CS6,1,1
EPHA2,CS7,1,1
TGFBI,CS6,1,1
FBLN2,CS6,1,1
DOCK2,CS6,1,1
BLK,CS7,1,1
PDCD4,CS6,1,0
COL4A2,CS6,1,1
TRIM63,CS7,1,1
GRIA3,CS6,1,1
DLGAP2,CS7,1,1
IRAK2,CS6,1,1
PAH,CS6,1,1
RP2,CS6,1,0
WNT2,CS6,1,1
FZD6,CS6,1,1
PTTG1IP,CS6,1,1
ASGR1,CS6,1,1
ITGAD,CS6,1,1
PRKCG,CS7,1,1
CLCF1,CS6,1,1
CTNNAL1,CS6,1,1
CAMK1,CS6,1,1
NR2F2,CS8,1,1
FGG,CS6,1,0
KCNK3,CS8,1,1
WNT3A,CS6,1,1
WNT5A,CS7,1,1
SNRPC,CS0,0,0
ARHGDIB,CS7,1,1
CCR1,CS6,1,1
DRP2,CS6,1,1
RPS6KB2,CS6,1,1
NRAP,CS6,1,1
POU3F1,CS6,1,1
ANGPT4,CS7,1,1
PNOC,CS6,1,1
DAB2IP,CS6,1,1
KLK2,CS7,1,1
EFNB2,CS6,1,1
SYT8,CS6,1,1
GJB1,CS6,1,1
CSN3,CS6,1,1
NMB,CS6,1,1
ACP3,CS6,1,1
CCNB3,CS6,1,1
FCN1,CS6,1,1
HELZ2,CS6,1,1
BCAT2,CS6,1,1
CDH18,CS6,1,1
ODC1,CS6,1,1
SYNPO,CS7,1,0
CCT4,CS0,0,0
IGBP1,CS0,0,1
SAG,CS6,1,1
TIMP4,CS7,1,1
GPR37,CS6,1,1
GCG,CS7,1,1
RAB33B,CS6,1,1
SGO1,CS0,0,0
RGS12,CS7,1,1
UPK3A,CS6,1,1
TFEC,CS7,1,1
FZD4,CS7,1,1
SIX3,CS6,1,1
DGUOK,CS6,1,0
MTBP,CS0,0,1
RPL14,CS0,0,0
EXPH5,CS6,1,1
ZIC3,CS6,1,1
ESM1,CS6,1,1
FHL1,CS7,1,1
GP5,CS6,1,1
SELPLG,CS7,1,1
CALU,CS6,1,0
NEFM,CS6,1,1
IRX4,CS6,1,1
COG3,CS0,0,0
TMLHE,CS7,1,1
RPS18,CS0,0,0
PHF5A,CS0,0,0
CYB5A,CS7,1,1
CDH9,CS6,1,1
PLA2G2A,CS6,1,1
CNTROB,CS6,1,1
NAB1,CS6,1,1
HARS1,CS0,0,0
DCLRE1C,CS6,1,1
EPO,CS6,1,1
SRR,CS6,1,1
ADGRL4,CS6,1,1
IRAK4,CS6,1,1
NUMBL,CS6,1,1
CDC42EP5,CS6,1,1
LIMS2,CS6,1,1
MX2,CS7,1,1
TAF5L,CS9,1,0
SCAMP3,CS6,1,0
SCRN1,CS6,1,1
CTDSPL,CS7,1,1
ZBTB38,CS6,1,1
CD40LG,CS6,1,1
SNX3,CS7,1,0
AOX1,CS6,1,1
GNGT2,CS8,1,1
RNF180,CS6,1,1
RNF43,CS6,1,1
EGLN1,CS6,1,1
USP3,CS6,1,1
PELI1,CS6,1,1
PROSER1,CS6,1,1
UBASH3B,CS6,1,1
SBDS,CS0,0,0
USP36,CS0,0,0
ALDH3A2,CS6,1,1
USP25,CS6,1,1
ARG1,CS7,1,1
DHX8,CS0,0,0
DDX10,CS0,0,1
NIPSNAP2,CS6,1,1
TNFAIP1,CS6,1,1
BMS1,CS0,0,0
TMEM160,CS6,1,1
ZNF770,CS7,1,1
WDR70,CS0,0,1
SRBD1,CS0,0,1
MEPCE,CS0,0,1
KLHL8,CS7,1,1
LONP2,CS7,1,1
CMSS1,CS7,1,1
KBTBD6,CS6,1,1
TADA2B,CS8,1,0
ZG16B,CS6,1,1
SCLT1,CS6,1,1
MPP7,CS6,1,1
CEP85L,CS6,1,1
RPAP1,CS0,0,1
ZNHIT2,CS0,0,1
SRP72,CS0,0,1
INTS4,CS0,0,0
HSPA1L,CS6,1,1
CHMP2A,CS0,0,0
PPP2R2B,CS6,1,1
PSD2,CS6,1,1
LAPTM5,CS6,1,1
TOMM40,CS0,0,1
RNF152,CS6,1,1
RNF144B,CS6,1,1
LGALS2,CS6,1,1
ODAM,CS6,1,1
POLK,CS6,1,1
TRIM34,CS6,1,1
MKRN2,CS6,1,0
PYHIN1,CS6,1,1
ASB1,CS6,1,1
RUBCNL,CS6,1,1
ATG13,CS6,1,1
ESYT2,CS6,1,0
BAIAP2L1,CS6,1,1
ASPH,CS6,1,1
PEX11G,CS6,1,1
CSN2,CS6,1,1
PNLIP,CS6,1,1
MAP4K3,CS6,1,1
PROM1,CS6,1,1
RAP1GAP2,CS7,1,1
BICRA,CS7,1,1
FAM13B,CS6,1,1
MBD5,CS6,1,1
FAM214A,CS6,1,1
RASAL3,CS6,1,1
SYNPO2,CS7,1,1
MDN1,CS0,0,1
NLRP10,CS6,1,1
ZFP2,CS6,1,1
ZNF502,CS6,1,1
CBX6,CS7,1,0
NAP1L2,CS7,1,1
ZNF584,CS6,1,1
DLC1,CS7,1,1
ETV2,CS6,1,1
ZNF461,CS7,1,1
ZNF420,CS6,1,1
RPS5,CS0,0,0
PHETA2,CS6,1,1
ANXA4,CS7,1,1
GINS2,CS0,0,1
PHF20L1,CS6,1,1
ZMAT3,CS6,1,1
ZNF131,CS0,0,1
TPPP,CS6,1,1
HELQ,CS6,1,1
ZC3HAV1L,CS6,1,1
CPS1,CS6,1,1
RPS27A,CS0,0,0
ACP2,CS6,1,1
ANKRD13A,CS6,1,1
OCIAD1,CS6,1,0
TDRD3,CS6,1,1
CDHR1,CS6,1,1
NRP2,CS6,1,1
WDR81,CS6,1,1
RPL27A,CS0,0,0
PANX3,CS6,1,1
RPS24,CS0,0,0
FAM83F,CS7,1,1
BTG3,CS6,1,1
CLIC2,CS7,1,1
CC2D1A,CS6,1,0
NFATC3,CS6,1,1
UBR7,CS6,1,1
FBXO8,CS6,1,1
MFAP1,CS0,0,1
RASAL2,CS7,1,1
ESPL1,CS0,0,1
DOCK11,CS6,1,1
MRC2,CS6,1,1
ZNF211,CS6,1,1
NCAPH,CS0,0,0
C21orf58,CS6,1,1
ZNF234,CS6,1,1
ZBP1,CS6,1,1
SESTD1,CS6,1,1
DONSON,CS0,0,1
CRYM,CS7,1,1
SNRNP35,CS0,0,0
CRABP1,CS6,1,1
GLOD4,CS6,1,1
CRNKL1,CS0,0,0
GPM6A,CS6,1,1
ATP6V1A,CS0,0,0
NKIRAS2,CS7,1,0
DNAJC28,CS6,1,1
FOCAD,CS6,1,1
NDUFB11,CS6,1,1
NPTN,CS6,1,0
NRGN,CS7,1,1
DYRK3,CS6,1,1
TRIAP1,CS0,0,0
SP140L,CS7,1,1
LDHC,CS6,1,1
CCDC170,CS7,1,1
THSD7A,CS7,1,1
SOX5,CS6,1,1
SETD6,CS6,1,1
CSRNP1,CS7,1,1
ZBTB11,CS0,0,0
PLXND1,CS6,1,1
MEGF10,CS6,1,1
TRIM16,CS6,1,1
FBXL2,CS6,1,1
GPNMB,CS6,1,1
OTULINL,CS6,1,1
NADK2,CS7,1,1
KCTD9,CS8,1,1
DPP8,CS6,1,1
XKR6,CS6,1,1
SLC25A43,CS6,1,1
C9orf64,CS6,1,1
GDPGP1,CS6,1,1
MAK16,CS0,0,0
TLNRD1,CS7,1,1
FAM199X,CS6,1,1
TMEM14A,CS6,1,1
LGALSL,CS6,1,1
FAM107B,CS6,1,1
ZNF573,CS6,1,1
FOXC1,CS6,1,1
GPR3,CS6,1,1
TMEM209,CS6,1,1
SPIN3,CS6,1,1
LCLAT1,CS7,1,1
C1orf198,CS6,1,0
MEX3D,CS6,1,1
BASP1,CS7,1,1
FAM217B,CS6,1,1
LDHAL6A,CS6,1,1
HECA,CS6,1,1
CCDC28A,CS6,1,1
TUT4,CS6,1,1
LINS1,CS6,1,1
DZANK1,CS6,1,1
TM7SF3,CS6,1,1
DGKG,CS6,1,1
NIFK,CS0,0,0
WDR43,CS0,0,0
THOC2,CS0,0,0
ESF1,CS0,0,1
CLEC7A,CS7,1,1
ZNF326,CS6,1,1
PCGF3,CS6,1,1
AOPEP,CS6,1,1
TRIML1,CS6,1,1
GABRA6,CS6,1,1
GINS1,CS0,0,1
GINS4,CS0,0,1
ATP8A2,CS6,1,1
LGMN,CS7,1,1
C1RL,CS6,1,1
C2orf50,CS6,1,1
DSEL,CS6,1,1
SOAT1,CS6,1,0
HGD,CS6,1,1
CRYBB1,CS6,1,1
BCL7B,CS6,1,1
FAM131B,CS6,1,1
PDLIM2,CS6,1,1
PAGE5,CS6,1,1
RSPO1,CS6,1,1
EBF4,CS6,1,1
CRYBG1,CS6,1,1
KNDC1,CS6,1,1
CCDC110,CS6,1,1
FUCA2,CS6,1,0
FBXW10,CS6,1,1
TMCC3,CS6,1,1
APOO,CS7,1,0
MNX1,CS6,1,1
MYLK4,CS6,1,1
ZMAT2,CS0,0,0
ARMCX2,CS6,1,1
MANEA,CS6,1,1
PTGIR,CS6,1,1
SLC6A5,CS6,1,1
SHISA2,CS6,1,1
DGKI,CS7,1,1
RBPMS2,CS6,1,1
ZNF740,CS6,1,1
TUSC3,CS7,1,1
EPDR1,CS7,1,1
STXBP4,CS7,1,1
TMEM25,CS6,1,1
GOT1L1,CS7,1,1
DNAJB14,CS6,1,1
TRAPPC5,CS0,0,0
FGD3,CS6,1,1
PAIP2B,CS6,1,1
C6orf201,CS6,1,1
TIGD1,CS0,0,1
C1orf115,CS6,1,1
DDHD2,CS7,1,1
CAPNS2,CS6,1,1
CCDC15,CS7,1,1
TSSK2,CS6,1,1
TICRR,CS0,0,1
NIM1K,CS6,1,1
LETMD1,CS6,1,1
SLCO2B1,CS7,1,1
SUSD3,CS6,1,1
RASA3,CS6,1,1
TAFA4,CS6,1,1
HMBOX1,CS6,1,1
TP53TG5,CS6,1,1
TMEM126B,CS6,1,1
PARVG,CS7,1,1
KCNMB2,CS6,1,1
RAB38,CS6,1,1
C7orf31,CS6,1,1
L3MBTL4,CS6,1,1
VASH2,CS6,1,1
C6orf118,CS6,1,1
RD3,CS6,1,1
R3HDML,CS6,1,1
MCTP2,CS6,1,1
LINGO2,CS6,1,1
ROR1,CS6,1,1
TLL1,CS6,1,1
SIX2,CS7,1,1
TBCK,CS6,1,1
CYP20A1,CS6,1,1
ANKRD45,CS6,1,1
NLN,CS6,1,1
VSIG4,CS6,1,1
PDZD9,CS6,1,1
STOML3,CS6,1,1
FAM3A,CS6,1,1
OXCT1,CS6,1,1
TMEM126A,CS6,1,1
MSLN,CS7,1,1
SNX8,CS6,1,1
SMIM20,CS6,1,1
CROT,CS6,1,1
KATNAL2,CS7,1,1
NDST1,CS6,1,1
SLC26A2,CS6,1,0
SLC30A1,CS6,1,1
RABGGTA,CS0,0,0
SH3BGRL2,CS6,1,1
LMBRD1,CS6,1,1
ZNF620,CS6,1,1
NT5C1B,CS6,1,1
BTD,CS6,1,1
OTUD6A,CS6,1,1
DDIAS,CS6,1,1
CLDN10,CS6,1,1
ACOX3,CS6,1,1
AMACR,CS6,1,0
BAAT,CS6,1,1
RPGRIP1L,CS6,1,1
SLC4A2,CS6,1,1
OPCML,CS7,1,1
PTGDR2,CS6,1,1
PPM1L,CS6,1,1
CDCP1,CS7,1,1
ZNF292,CS6,1,1
MICALL2,CS6,1,1
FBXL13,CS6,1,1
KCNA6,CS6,1,1
ZNF215,CS7,1,1
TSSK1B,CS6,1,1
LPCAT2,CS6,1,1
ZNF107,CS6,1,1
MORC4,CS7,1,1
TSKU,CS6,1,1
PPP1R3B,CS7,1,1
ELOVL7,CS7,1,1
MPPED2,CS6,1,1
ALG1,CS0,0,1
NAT1,CS6,1,1
CEACAM7,CS7,1,1
JAML,CS7,1,1
ADIPOQ,CS7,1,1
UNC5C,CS6,1,1
ODAD3,CS7,1,1
THEMIS,CS6,1,1
GPATCH2L,CS6,1,1
SERPINA7,CS6,1,1
STEAP4,CS7,1,1
ANXA10,CS6,1,1
C1QTNF7,CS6,1,1
LYZL4,CS7,1,1
HPN,CS6,1,0
RHBDD1,CS6,1,1
PLIN1,CS6,1,1
PSCA,CS6,1,1
ASB10,CS6,1,1
MAOB,CS6,1,1
PNPLA3,CS6,1,1
SLC22A2,CS6,1,1
SLC25A47,CS6,1,1
DSE,CS6,1,1
ZBTB26,CS7,1,1
NINJ1,CS6,1,1
AQP11,CS6,1,1
AGXT2,CS7,1,1
ARSF,CS7,1,1
ACSS3,CS6,1,1
NPY5R,CS6,1,1
ZNF267,CS7,1,1
SLC66A2,CS7,1,1
COL6A2,CS6,1,0
ABCG8,CS6,1,1
WFDC1,CS6,1,1
ADCK1,CS6,1,1
RAB30,CS6,1,1
CXCL13,CS6,1,1
RSPO2,CS6,1,1
ADGRE5,CS6,1,1
ZNF223,CS6,1,1
ADGRG5,CS6,1,1
C16orf78,CS6,1,1
KCNN2,CS6,1,1
ZNF444,CS6,1,1
ANPEP,CS6,1,1
PCYOX1L,CS6,1,0
SIAE,CS7,1,1
SUSD1,CS6,1,1
FAM193A,CS6,1,1
PLEKHG1,CS6,1,1
TAAR2,CS6,1,1
VGF,CS7,1,1
SBNO1,CS0,0,1
DNAH6,CS6,1,1
SLC34A2,CS6,1,1
SYCE1,CS6,1,1
HOXA2,CS6,1,1
SYCE3,CS6,1,1
WDR90,CS6,1,1
NSDHL,CS6,1,0
ACYP2,CS6,1,1
CIB3,CS6,1,1
ZNF564,CS6,1,1
CAGE1,CS6,1,1
LUZP4,CS7,1,1
TRMT2B,CS6,1,1
CCDC198,CS6,1,1
SLAIN1,CS6,1,1
RFLNA,CS6,1,1
GMPR,CS6,1,1
MORN3,CS6,1,1
HBQ1,CS6,1,1
TMEM218,CS6,1,1
TM6SF1,CS6,1,1
TTC21A,CS6,1,1
TSPAN12,CS6,1,1
ZNF662,CS6,1,1
RFPL3,CS6,1,1
TEKT3,CS6,1,1
ZNF391,CS6,1,1
TEKT5,CS6,1,1
TMEM51,CS7,1,1
ZNF286A,CS7,1,1
NRG4,CS6,1,1
TMEM74,CS7,1,1
TMEM182,CS6,1,1
ENDOD1,CS6,1,1
EVC,CS7,1,1
BPHL,CS6,1,1
SLC35B3,CS6,1,1
GREB1L,CS6,1,1
HPS3,CS6,1,1
R3HCC1,CS6,1,1
ABCG4,CS6,1,1
LY6G6C,CS6,1,1
ZNF597,CS6,1,1
SIGLEC9,CS7,1,1
CCNI2,CS6,1,1
MAGEA10,CS7,1,1
VSX1,CS6,1,1
WDR19,CS6,1,1
HEPHL1,CS6,1,1
SLC7A2,CS6,1,1
TRPM3,CS6,1,1
RFTN1,CS6,1,1
ZDHHC13,CS6,1,1
RDH14,CS6,1,1
MORC1,CS6,1,1
NXPH2,CS6,1,1
NAT8L,CS6,1,1
CCDC126,CS6,1,1
CALB2,CS7,1,1
ZNF70,CS6,1,1
TTC8,CS6,1,1
TBX20,CS7,1,1
IL20RB,CS6,1,1
DEPDC5,CS6,1,1
FAM170A,CS6,1,1
TMEM109,CS6,1,1
GPR55,CS7,1,1
MCOLN2,CS6,1,1
CENATAC,CS0,0,1
ASPDH,CS6,1,1
FLVCR1,CS6,1,1
ITLN1,CS6,1,1
PTX3,CS8,1,1
GDF11,CS6,1,1
SFXN5,CS6,1,1
GRID1,CS6,1,1
SLC26A6,CS6,1,1
NOXRED1,CS6,1,1
SLC39A3,CS7,1,1
ZNF589,CS6,1,1
MFSD12,CS7,1,1
DHRS9,CS7,1,1
ARG2,CS6,1,1
SPATA17,CS6,1,1
TGM5,CS6,1,1
PLEKHA8,CS6,1,1
BMP15,CS7,1,1
ENPP6,CS7,1,1
CHST14,CS6,1,1
SULF2,CS6,1,1
RALGAPA2,CS6,1,1
ISLR,CS7,1,1
TMPRSS5,CS6,1,1
ARHGAP8,CS6,1,1
SCD5,CS6,1,1
SDHAF3,CS6,1,1
CST9,CS6,1,1
INSL3,CS6,1,1
KLRF1,CS7,1,1
ADM,CS6,1,1
CDNF,CS6,1,1
IFNA6,CS6,1,1
MCEMP1,CS6,1,1
OGFRL1,CS6,1,1
LDLRAD4,CS6,1,1
MYO3A,CS6,1,1
GPR85,CS6,1,1
ABRACL,CS6,1,1
PGK2,CS6,1,1
DDX60L,CS7,1,1
ZFR2,CS6,1,1
PLPP6,CS6,1,1
DCAF12L1,CS6,1,1
SLC34A1,CS6,1,1
IPMK,CS6,1,1
LPIN3,CS6,1,1
KATNIP,CS6,1,1
DNAAF3,CS6,1,1
COL12A1,CS6,1,1
FAM13A,CS6,1,1
HPSE,CS6,1,1
KANSL3,CS0,0,1
ZIC4,CS7,1,1
MISP,CS6,1,1
ITPRIPL2,CS6,1,1
SH3TC1,CS6,1,1
SEMA3A,CS6,1,1
CPNE9,CS6,1,1
FAM81A,CS6,1,1
DMRT2,CS7,1,1
KAAG1,CS6,1,1
TRPM1,CS7,1,1
PCDH15,CS7,1,1
SOX21,CS6,1,1
ZNF157,CS6,1,1
SLC29A3,CS6,1,1
CELA3B,CS6,1,1
C6orf132,CS6,1,1
PRSS42P,CS6,1,1
SLCO3A1,CS6,1,1
NPTX2,CS7,1,1
PCDHA3,CS6,1,1
POTEC,CS6,1,1
CLEC3A,CS6,1,1
PCDH12,CS6,1,1
TSPYL6,CS6,1,1
SLCO1B1,CS7,1,1
ZNF517,CS6,1,1
HS3ST2,CS7,1,1
PKD2L2,CS6,1,1
ZNF610,CS7,1,1
GDF10,CS7,1,1
PCDHGC4,CS7,1,1
CCDC83,CS6,1,1
SLC17A2,CS6,1,1
IFNB1,CS7,1,1
TLR1,CS6,1,1
PDGFD,CS6,1,1
IFNA10,CS6,1,1
OMD,CS6,1,1
TNFRSF19,CS6,1,1
S1PR2,CS6,1,1
CHRNA3,CS6,1,1
C2CD2L,CS6,1,0
ENOSF1,CS7,1,1
GPR141,CS7,1,1
PON3,CS6,1,1
CST7,CS6,1,1
GSC,CS7,1,1
PHEX,CS6,1,1
NOX4,CS6,1,1
ATP6V1G3,CS7,1,1
SLC10A2,CS6,1,1
TEPP,CS7,1,1
CERS3,CS6,1,1
PDE5A,CS6,1,1
MAMLD1,CS6,1,1
TAFA2,CS7,1,1
FAM71E1,CS7,1,1
PNCK,CS6,1,1
COL27A1,CS6,1,1
RHAG,CS6,1,1
TMEM86A,CS6,1,1
CNIH3,CS6,1,1
FRMD7,CS6,1,1
MMP16,CS6,1,1
IGSF9B,CS6,1,1
SLC37A1,CS6,1,1
SHISA9,CS6,1,1
RGMB,CS7,1,1
KIAA1586,CS6,1,1
TENT5D,CS6,1,1
GALNT8,CS6,1,1
ATP10B,CS6,1,1
SYS1,CS0,0,0
IRX3,CS6,1,1
CCSAP,CS6,1,1
ABHD17C,CS7,1,1
CHRNA6,CS6,1,1
TAS2R60,CS7,1,1
C10orf67,CS6,1,1
FAM47A,CS7,1,1
GFRAL,CS7,1,1
LCN12,CS6,1,1
ZNF90,CS6,1,1
NRK,CS7,1,1
PLXNC1,CS6,1,1
COL16A1,CS7,1,1
ZFP30,CS6,1,1
XPNPEP2,CS7,1,1
C1QTNF8,CS6,1,1
F2RL3,CS7,1,1
CLCN4,CS7,1,1
ZNF611,CS8,1,1
NTSR1,CS6,1,1
PIK3C2G,CS6,1,1
SLC4A3,CS6,1,1
MMP20,CS6,1,1
TRIM60,CS6,1,1
ATP8B3,CS6,1,1
TAS2R14,CS6,1,1
PRPH2,CS6,1,1
ZNF470,CS6,1,1
CYP27C1,CS6,1,1
MFAP3L,CS6,1,1
SHISA6,CS6,1,1
CNR2,CS6,1,1
IBSP,CS7,1,1
C4orf45,CS6,1,1
LCE5A,CS0,0,1
ZC2HC1B,CS6,1,1
PDCD1LG2,CS6,1,1
PIGF,CS7,1,1
IL11RA,CS6,1,1
IRX2,CS6,1,1
ZNF534,CS6,1,1
STC1,CS6,1,1
KIR3DL3,CS6,1,1
CELF6,CS6,1,1
ZNF134,CS7,1,1
LRRC18,CS6,1,1
WNT9A,CS6,1,1
FAM24B,CS6,1,1
SLC9B2,CS7,1,1
TXNDC2,CS7,1,1
SLITRK1,CS7,1,1
UNC5D,CS6,1,1
PPP1R42,CS6,1,1
CACNA2D3,CS6,1,1
SPATA48,CS6,1,1
RD3L,CS6,1,1
UNC13C,CS6,1,1
LRRC63,CS6,1,1
PRDM9,CS6,1,1
CNBD1,CS7,1,1
SPATA16,CS6,1,1
CYP4F3,CS6,1,1
ZNF257,CS6,1,1
RAD51AP2,CS6,1,1
LRRD1,CS6,1,1
FLRT2,CS7,1,1
ZNF619,CS6,1,1
KCNH7,CS6,1,1
SIDT1,CS6,1,1
OXTR,CS6,1,1
CCL24,CS6,1,1
HGSNAT,CS6,1,1
MC5R,CS6,1,1
CARD17,CS6,1,1
CARD18,CS6,1,1
TLR8,CS6,1,1
LY6H,CS6,1,1
APOL5,CS6,1,1
GUCY2F,CS6,1,1
WNT3,CS6,1,1
CNTN5,CS6,1,1
IFI27L2,CS7,1,1
CFAP73,CS6,1,1
SLCO1C1,CS6,1,1
ZP4,CS6,1,1
TPO,CS6,1,1
ZNF229,CS6,1,1
KIAA1755,CS7,1,1
PKHD1L1,CS6,1,1
COX7A1,CS7,1,1
ACRV1,CS7,1,1
IRX5,CS7,1,1
MCHR1,CS6,1,1
CHRNA2,CS6,1,1
MFAP5,CS6,1,1
LAG3,CS6,1,1
FXYD5,CS7,1,1
CALHM2,CS6,1,1
FSHB,CS7,1,1
KLK14,CS6,1,1
LGI4,CS6,1,1
LIPN,CS6,1,1
TAS2R50,CS6,1,1
SLC6A16,CS7,1,1
GPER1,CS6,1,1
TREML4,CS6,1,1
SAMD15,CS6,1,1
LGI3,CS6,1,1
SAMD5,CS6,1,1
LRRN3,CS6,1,1
CD163L1,CS6,1,1
RTP1,CS6,1,1
FRRS1L,CS6,1,1
PIGZ,CS6,1,1
LRFN5,CS6,1,1
SLC6A14,CS7,1,1
KCNMB3,CS6,1,1
RTP3,CS6,1,1
C11orf40,CS6,1,1
FEZF1,CS6,1,1
SLC28A1,CS7,1,1
ACOD1,CS6,1,1
GPR153,CS6,1,1
DRAXIN,CS6,1,1
SLC36A4,CS6,1,1
TMEM179,CS7,1,1
